"taskid","output_type","method","parnames","parameter","classification","replications_used","near_zero_rate","mcse_near_zero_rate","boundary_rate","mcse_boundary_rate"
1,"fit-meta-var-mx","MetaVAR","tau_sqr[1,1]",1.2,"ml_boundary",10,0,0,0,0
1,"fit-meta-var-mx","MetaVAR","tau_sqr[2,2]",1.1,"ml_boundary",10,0,0,0,0
1,"fit-meta-var-mx","MetaVAR","tau_sqr[3,3]",0.0169378472675958,"ml_boundary",10,0,0,0,0
1,"fit-meta-var-mx","MetaVAR","tau_sqr[4,4]",0.00812769630431302,"ml_boundary",10,0,0,0,0
1,"fit-meta-var-mx","MetaVAR","tau_sqr[5,5]",0.00078364089793981,"ml_boundary",10,0,0,0,0
1,"fit-meta-var-mx","MetaVAR","tau_sqr[6,6]",0.0256061389161291,"ml_boundary",10,0,0,0,0
1,"fit-mplus","Mplus DSEM Default","tau_sqr[1,1]",1.2,"bayesian_near_zero",10,0,0,,
1,"fit-mplus","Mplus DSEM Default","tau_sqr[2,2]",1.1,"bayesian_near_zero",10,0,0,,
1,"fit-mplus","Mplus DSEM Default","tau_sqr[3,3]",0.0169378472675958,"bayesian_near_zero",10,0,0,,
1,"fit-mplus","Mplus DSEM Default","tau_sqr[4,4]",0.00812769630431302,"bayesian_near_zero",10,0,0,,
1,"fit-mplus","Mplus DSEM Default","tau_sqr[5,5]",0.00078364089793981,"bayesian_near_zero",10,0,0,,
1,"fit-mplus","Mplus DSEM Default","tau_sqr[6,6]",0.0256061389161291,"bayesian_near_zero",10,0,0,,
1,"fit-mplus-priors","Mplus DSEM Alternative Priors","tau_sqr[1,1]",1.2,"bayesian_near_zero",10,0,0,,
1,"fit-mplus-priors","Mplus DSEM Alternative Priors","tau_sqr[2,2]",1.1,"bayesian_near_zero",10,0,0,,
1,"fit-mplus-priors","Mplus DSEM Alternative Priors","tau_sqr[3,3]",0.0169378472675958,"bayesian_near_zero",10,0,0,,
1,"fit-mplus-priors","Mplus DSEM Alternative Priors","tau_sqr[4,4]",0.00812769630431302,"bayesian_near_zero",10,0,0,,
1,"fit-mplus-priors","Mplus DSEM Alternative Priors","tau_sqr[5,5]",0.00078364089793981,"bayesian_near_zero",10,0,0,,
1,"fit-mplus-priors","Mplus DSEM Alternative Priors","tau_sqr[6,6]",0.0256061389161291,"bayesian_near_zero",10,0,0,,
1,"fit-naive","Uncertainty-Uncorrected","tau_sqr[1,1]",1.2,"ml_boundary",10,0,0,0,0
1,"fit-naive","Uncertainty-Uncorrected","tau_sqr[2,2]",1.1,"ml_boundary",10,0,0,0,0
1,"fit-naive","Uncertainty-Uncorrected","tau_sqr[3,3]",0.0169378472675958,"ml_boundary",10,0,0,0,0
1,"fit-naive","Uncertainty-Uncorrected","tau_sqr[4,4]",0.00812769630431302,"ml_boundary",10,0.7,0.144913767461894,0.7,0.144913767461894
1,"fit-naive","Uncertainty-Uncorrected","tau_sqr[5,5]",0.00078364089793981,"ml_boundary",10,0.7,0.144913767461894,0.7,0.144913767461894
1,"fit-naive","Uncertainty-Uncorrected","tau_sqr[6,6]",0.0256061389161291,"ml_boundary",10,0,0,0,0
2,"fit-meta-var-mx","MetaVAR","tau_sqr[1,1]",1.2,"ml_boundary",10,0,0,0,0
2,"fit-meta-var-mx","MetaVAR","tau_sqr[2,2]",1.1,"ml_boundary",10,0,0,0,0
2,"fit-meta-var-mx","MetaVAR","tau_sqr[3,3]",0.0169378472675958,"ml_boundary",10,0,0,0,0
2,"fit-meta-var-mx","MetaVAR","tau_sqr[4,4]",0.00812769630431302,"ml_boundary",10,0,0,0,0
2,"fit-meta-var-mx","MetaVAR","tau_sqr[5,5]",0.00078364089793981,"ml_boundary",10,0,0,0,0
2,"fit-meta-var-mx","MetaVAR","tau_sqr[6,6]",0.0256061389161291,"ml_boundary",10,0,0,0,0
2,"fit-mplus","Mplus DSEM Default","tau_sqr[1,1]",1.2,"bayesian_near_zero",10,0,0,,
2,"fit-mplus","Mplus DSEM Default","tau_sqr[2,2]",1.1,"bayesian_near_zero",10,0,0,,
2,"fit-mplus","Mplus DSEM Default","tau_sqr[3,3]",0.0169378472675958,"bayesian_near_zero",10,0,0,,
2,"fit-mplus","Mplus DSEM Default","tau_sqr[4,4]",0.00812769630431302,"bayesian_near_zero",10,0,0,,
2,"fit-mplus","Mplus DSEM Default","tau_sqr[5,5]",0.00078364089793981,"bayesian_near_zero",10,0,0,,
2,"fit-mplus","Mplus DSEM Default","tau_sqr[6,6]",0.0256061389161291,"bayesian_near_zero",10,0,0,,
2,"fit-mplus-priors","Mplus DSEM Alternative Priors","tau_sqr[1,1]",1.2,"bayesian_near_zero",10,0,0,,
2,"fit-mplus-priors","Mplus DSEM Alternative Priors","tau_sqr[2,2]",1.1,"bayesian_near_zero",10,0,0,,
2,"fit-mplus-priors","Mplus DSEM Alternative Priors","tau_sqr[3,3]",0.0169378472675958,"bayesian_near_zero",10,0,0,,
2,"fit-mplus-priors","Mplus DSEM Alternative Priors","tau_sqr[4,4]",0.00812769630431302,"bayesian_near_zero",10,0,0,,
2,"fit-mplus-priors","Mplus DSEM Alternative Priors","tau_sqr[5,5]",0.00078364089793981,"bayesian_near_zero",10,0,0,,
2,"fit-mplus-priors","Mplus DSEM Alternative Priors","tau_sqr[6,6]",0.0256061389161291,"bayesian_near_zero",10,0,0,,
2,"fit-naive","Uncertainty-Uncorrected","tau_sqr[1,1]",1.2,"ml_boundary",10,0,0,0,0
2,"fit-naive","Uncertainty-Uncorrected","tau_sqr[2,2]",1.1,"ml_boundary",10,0,0,0,0
2,"fit-naive","Uncertainty-Uncorrected","tau_sqr[3,3]",0.0169378472675958,"ml_boundary",10,0,0,0,0
2,"fit-naive","Uncertainty-Uncorrected","tau_sqr[4,4]",0.00812769630431302,"ml_boundary",10,1,0,1,0
2,"fit-naive","Uncertainty-Uncorrected","tau_sqr[5,5]",0.00078364089793981,"ml_boundary",10,1,0,1,0
2,"fit-naive","Uncertainty-Uncorrected","tau_sqr[6,6]",0.0256061389161291,"ml_boundary",10,0,0,0,0
3,"fit-meta-var-mx","MetaVAR","tau_sqr[1,1]",1.2,"ml_boundary",10,0,0,0,0
3,"fit-meta-var-mx","MetaVAR","tau_sqr[2,2]",1.1,"ml_boundary",10,0,0,0,0
3,"fit-meta-var-mx","MetaVAR","tau_sqr[3,3]",0.0169378472675958,"ml_boundary",10,0,0,0,0
3,"fit-meta-var-mx","MetaVAR","tau_sqr[4,4]",0.00812769630431302,"ml_boundary",10,0,0,0,0
3,"fit-meta-var-mx","MetaVAR","tau_sqr[5,5]",0.00078364089793981,"ml_boundary",10,0,0,0,0
3,"fit-meta-var-mx","MetaVAR","tau_sqr[6,6]",0.0256061389161291,"ml_boundary",10,0,0,0,0
3,"fit-mplus","Mplus DSEM Default","tau_sqr[1,1]",1.2,"bayesian_near_zero",10,0,0,,
3,"fit-mplus","Mplus DSEM Default","tau_sqr[2,2]",1.1,"bayesian_near_zero",10,0,0,,
3,"fit-mplus","Mplus DSEM Default","tau_sqr[3,3]",0.0169378472675958,"bayesian_near_zero",10,0,0,,
3,"fit-mplus","Mplus DSEM Default","tau_sqr[4,4]",0.00812769630431302,"bayesian_near_zero",10,0,0,,
3,"fit-mplus","Mplus DSEM Default","tau_sqr[5,5]",0.00078364089793981,"bayesian_near_zero",10,0,0,,
3,"fit-mplus","Mplus DSEM Default","tau_sqr[6,6]",0.0256061389161291,"bayesian_near_zero",10,0,0,,
3,"fit-mplus-priors","Mplus DSEM Alternative Priors","tau_sqr[1,1]",1.2,"bayesian_near_zero",10,0,0,,
3,"fit-mplus-priors","Mplus DSEM Alternative Priors","tau_sqr[2,2]",1.1,"bayesian_near_zero",10,0,0,,
3,"fit-mplus-priors","Mplus DSEM Alternative Priors","tau_sqr[3,3]",0.0169378472675958,"bayesian_near_zero",10,0,0,,
3,"fit-mplus-priors","Mplus DSEM Alternative Priors","tau_sqr[4,4]",0.00812769630431302,"bayesian_near_zero",10,0,0,,
3,"fit-mplus-priors","Mplus DSEM Alternative Priors","tau_sqr[5,5]",0.00078364089793981,"bayesian_near_zero",10,0,0,,
3,"fit-mplus-priors","Mplus DSEM Alternative Priors","tau_sqr[6,6]",0.0256061389161291,"bayesian_near_zero",10,0,0,,
3,"fit-naive","Uncertainty-Uncorrected","tau_sqr[1,1]",1.2,"ml_boundary",10,0,0,0,0
3,"fit-naive","Uncertainty-Uncorrected","tau_sqr[2,2]",1.1,"ml_boundary",10,0,0,0,0
3,"fit-naive","Uncertainty-Uncorrected","tau_sqr[3,3]",0.0169378472675958,"ml_boundary",10,0,0,0,0
3,"fit-naive","Uncertainty-Uncorrected","tau_sqr[4,4]",0.00812769630431302,"ml_boundary",10,1,0,1,0
3,"fit-naive","Uncertainty-Uncorrected","tau_sqr[5,5]",0.00078364089793981,"ml_boundary",10,1,0,1,0
3,"fit-naive","Uncertainty-Uncorrected","tau_sqr[6,6]",0.0256061389161291,"ml_boundary",10,0,0,0,0
4,"fit-meta-var-mx","MetaVAR","tau_sqr[1,1]",1.2,"ml_boundary",10,0,0,0,0
4,"fit-meta-var-mx","MetaVAR","tau_sqr[2,2]",1.1,"ml_boundary",10,0,0,0,0
4,"fit-meta-var-mx","MetaVAR","tau_sqr[3,3]",0.0169378472675958,"ml_boundary",10,0,0,0,0
4,"fit-meta-var-mx","MetaVAR","tau_sqr[4,4]",0.00812769630431302,"ml_boundary",10,0,0,0,0
4,"fit-meta-var-mx","MetaVAR","tau_sqr[5,5]",0.00078364089793981,"ml_boundary",10,0,0,0,0
4,"fit-meta-var-mx","MetaVAR","tau_sqr[6,6]",0.0256061389161291,"ml_boundary",10,0,0,0,0
4,"fit-mplus","Mplus DSEM Default","tau_sqr[1,1]",1.2,"bayesian_near_zero",10,0,0,,
4,"fit-mplus","Mplus DSEM Default","tau_sqr[2,2]",1.1,"bayesian_near_zero",10,0,0,,
4,"fit-mplus","Mplus DSEM Default","tau_sqr[3,3]",0.0169378472675958,"bayesian_near_zero",10,0,0,,
4,"fit-mplus","Mplus DSEM Default","tau_sqr[4,4]",0.00812769630431302,"bayesian_near_zero",10,0,0,,
4,"fit-mplus","Mplus DSEM Default","tau_sqr[5,5]",0.00078364089793981,"bayesian_near_zero",10,0,0,,
4,"fit-mplus","Mplus DSEM Default","tau_sqr[6,6]",0.0256061389161291,"bayesian_near_zero",10,0,0,,
4,"fit-mplus-priors","Mplus DSEM Alternative Priors","tau_sqr[1,1]",1.2,"bayesian_near_zero",10,0,0,,
4,"fit-mplus-priors","Mplus DSEM Alternative Priors","tau_sqr[2,2]",1.1,"bayesian_near_zero",10,0,0,,
4,"fit-mplus-priors","Mplus DSEM Alternative Priors","tau_sqr[3,3]",0.0169378472675958,"bayesian_near_zero",10,0,0,,
4,"fit-mplus-priors","Mplus DSEM Alternative Priors","tau_sqr[4,4]",0.00812769630431302,"bayesian_near_zero",10,0,0,,
4,"fit-mplus-priors","Mplus DSEM Alternative Priors","tau_sqr[5,5]",0.00078364089793981,"bayesian_near_zero",10,0,0,,
4,"fit-mplus-priors","Mplus DSEM Alternative Priors","tau_sqr[6,6]",0.0256061389161291,"bayesian_near_zero",10,0,0,,
4,"fit-naive","Uncertainty-Uncorrected","tau_sqr[1,1]",1.2,"ml_boundary",10,0,0,0,0
4,"fit-naive","Uncertainty-Uncorrected","tau_sqr[2,2]",1.1,"ml_boundary",10,0,0,0,0
4,"fit-naive","Uncertainty-Uncorrected","tau_sqr[3,3]",0.0169378472675958,"ml_boundary",10,0,0,0,0
4,"fit-naive","Uncertainty-Uncorrected","tau_sqr[4,4]",0.00812769630431302,"ml_boundary",10,0.7,0.144913767461894,0.7,0.144913767461894
4,"fit-naive","Uncertainty-Uncorrected","tau_sqr[5,5]",0.00078364089793981,"ml_boundary",10,0.2,0.126491106406735,0.2,0.126491106406735
4,"fit-naive","Uncertainty-Uncorrected","tau_sqr[6,6]",0.0256061389161291,"ml_boundary",10,0,0,0,0
5,"fit-meta-var-mx","MetaVAR","tau_sqr[1,1]",1.2,"ml_boundary",10,0,0,0,0
5,"fit-meta-var-mx","MetaVAR","tau_sqr[2,2]",1.1,"ml_boundary",10,0,0,0,0
5,"fit-meta-var-mx","MetaVAR","tau_sqr[3,3]",0.0169378472675958,"ml_boundary",10,0,0,0,0
5,"fit-meta-var-mx","MetaVAR","tau_sqr[4,4]",0.00812769630431302,"ml_boundary",10,0,0,0,0
5,"fit-meta-var-mx","MetaVAR","tau_sqr[5,5]",0.00078364089793981,"ml_boundary",10,0,0,0,0
5,"fit-meta-var-mx","MetaVAR","tau_sqr[6,6]",0.0256061389161291,"ml_boundary",10,0,0,0,0
5,"fit-mplus","Mplus DSEM Default","tau_sqr[1,1]",1.2,"bayesian_near_zero",10,0,0,,
5,"fit-mplus","Mplus DSEM Default","tau_sqr[2,2]",1.1,"bayesian_near_zero",10,0,0,,
5,"fit-mplus","Mplus DSEM Default","tau_sqr[3,3]",0.0169378472675958,"bayesian_near_zero",10,0,0,,
5,"fit-mplus","Mplus DSEM Default","tau_sqr[4,4]",0.00812769630431302,"bayesian_near_zero",10,0,0,,
5,"fit-mplus","Mplus DSEM Default","tau_sqr[5,5]",0.00078364089793981,"bayesian_near_zero",10,0,0,,
5,"fit-mplus","Mplus DSEM Default","tau_sqr[6,6]",0.0256061389161291,"bayesian_near_zero",10,0,0,,
5,"fit-mplus-priors","Mplus DSEM Alternative Priors","tau_sqr[1,1]",1.2,"bayesian_near_zero",10,0,0,,
5,"fit-mplus-priors","Mplus DSEM Alternative Priors","tau_sqr[2,2]",1.1,"bayesian_near_zero",10,0,0,,
5,"fit-mplus-priors","Mplus DSEM Alternative Priors","tau_sqr[3,3]",0.0169378472675958,"bayesian_near_zero",10,0,0,,
5,"fit-mplus-priors","Mplus DSEM Alternative Priors","tau_sqr[4,4]",0.00812769630431302,"bayesian_near_zero",10,0,0,,
5,"fit-mplus-priors","Mplus DSEM Alternative Priors","tau_sqr[5,5]",0.00078364089793981,"bayesian_near_zero",10,0,0,,
5,"fit-mplus-priors","Mplus DSEM Alternative Priors","tau_sqr[6,6]",0.0256061389161291,"bayesian_near_zero",10,0,0,,
5,"fit-naive","Uncertainty-Uncorrected","tau_sqr[1,1]",1.2,"ml_boundary",10,0,0,0,0
5,"fit-naive","Uncertainty-Uncorrected","tau_sqr[2,2]",1.1,"ml_boundary",10,0,0,0,0
5,"fit-naive","Uncertainty-Uncorrected","tau_sqr[3,3]",0.0169378472675958,"ml_boundary",10,0,0,0,0
5,"fit-naive","Uncertainty-Uncorrected","tau_sqr[4,4]",0.00812769630431302,"ml_boundary",10,0.9,0.0948683298050514,0.9,0.0948683298050514
5,"fit-naive","Uncertainty-Uncorrected","tau_sqr[5,5]",0.00078364089793981,"ml_boundary",10,0.3,0.144913767461894,0.3,0.144913767461894
5,"fit-naive","Uncertainty-Uncorrected","tau_sqr[6,6]",0.0256061389161291,"ml_boundary",10,0,0,0,0
6,"fit-meta-var-mx","MetaVAR","tau_sqr[1,1]",1.2,"ml_boundary",10,0,0,0,0
6,"fit-meta-var-mx","MetaVAR","tau_sqr[2,2]",1.1,"ml_boundary",10,0,0,0,0
6,"fit-meta-var-mx","MetaVAR","tau_sqr[3,3]",0.0169378472675958,"ml_boundary",10,0,0,0,0
6,"fit-meta-var-mx","MetaVAR","tau_sqr[4,4]",0.00812769630431302,"ml_boundary",10,0,0,0,0
6,"fit-meta-var-mx","MetaVAR","tau_sqr[5,5]",0.00078364089793981,"ml_boundary",10,0,0,0,0
6,"fit-meta-var-mx","MetaVAR","tau_sqr[6,6]",0.0256061389161291,"ml_boundary",10,0,0,0,0
6,"fit-mplus","Mplus DSEM Default","tau_sqr[1,1]",1.2,"bayesian_near_zero",10,0,0,,
6,"fit-mplus","Mplus DSEM Default","tau_sqr[2,2]",1.1,"bayesian_near_zero",10,0,0,,
6,"fit-mplus","Mplus DSEM Default","tau_sqr[3,3]",0.0169378472675958,"bayesian_near_zero",10,0,0,,
6,"fit-mplus","Mplus DSEM Default","tau_sqr[4,4]",0.00812769630431302,"bayesian_near_zero",10,0,0,,
6,"fit-mplus","Mplus DSEM Default","tau_sqr[5,5]",0.00078364089793981,"bayesian_near_zero",10,0,0,,
6,"fit-mplus","Mplus DSEM Default","tau_sqr[6,6]",0.0256061389161291,"bayesian_near_zero",10,0,0,,
6,"fit-mplus-priors","Mplus DSEM Alternative Priors","tau_sqr[1,1]",1.2,"bayesian_near_zero",10,0,0,,
6,"fit-mplus-priors","Mplus DSEM Alternative Priors","tau_sqr[2,2]",1.1,"bayesian_near_zero",10,0,0,,
6,"fit-mplus-priors","Mplus DSEM Alternative Priors","tau_sqr[3,3]",0.0169378472675958,"bayesian_near_zero",10,0,0,,
6,"fit-mplus-priors","Mplus DSEM Alternative Priors","tau_sqr[4,4]",0.00812769630431302,"bayesian_near_zero",10,0,0,,
6,"fit-mplus-priors","Mplus DSEM Alternative Priors","tau_sqr[5,5]",0.00078364089793981,"bayesian_near_zero",10,0,0,,
6,"fit-mplus-priors","Mplus DSEM Alternative Priors","tau_sqr[6,6]",0.0256061389161291,"bayesian_near_zero",10,0,0,,
6,"fit-naive","Uncertainty-Uncorrected","tau_sqr[1,1]",1.2,"ml_boundary",10,0,0,0,0
6,"fit-naive","Uncertainty-Uncorrected","tau_sqr[2,2]",1.1,"ml_boundary",10,0,0,0,0
6,"fit-naive","Uncertainty-Uncorrected","tau_sqr[3,3]",0.0169378472675958,"ml_boundary",10,0,0,0,0
6,"fit-naive","Uncertainty-Uncorrected","tau_sqr[4,4]",0.00812769630431302,"ml_boundary",10,0.7,0.144913767461894,0.7,0.144913767461894
6,"fit-naive","Uncertainty-Uncorrected","tau_sqr[5,5]",0.00078364089793981,"ml_boundary",10,0.1,0.0948683298050514,0.1,0.0948683298050514
6,"fit-naive","Uncertainty-Uncorrected","tau_sqr[6,6]",0.0256061389161291,"ml_boundary",10,0,0,0,0
7,"fit-meta-var-mx","MetaVAR","tau_sqr[1,1]",1.2,"ml_boundary",10,0,0,0,0
7,"fit-meta-var-mx","MetaVAR","tau_sqr[2,2]",1.1,"ml_boundary",10,0,0,0,0
7,"fit-meta-var-mx","MetaVAR","tau_sqr[3,3]",0.0169378472675958,"ml_boundary",10,0,0,0,0
7,"fit-meta-var-mx","MetaVAR","tau_sqr[4,4]",0.00812769630431302,"ml_boundary",10,0,0,0,0
7,"fit-meta-var-mx","MetaVAR","tau_sqr[5,5]",0.00078364089793981,"ml_boundary",10,0,0,0,0
7,"fit-meta-var-mx","MetaVAR","tau_sqr[6,6]",0.0256061389161291,"ml_boundary",10,0,0,0,0
7,"fit-mplus","Mplus DSEM Default","tau_sqr[1,1]",1.2,"bayesian_near_zero",10,0,0,,
7,"fit-mplus","Mplus DSEM Default","tau_sqr[2,2]",1.1,"bayesian_near_zero",10,0,0,,
7,"fit-mplus","Mplus DSEM Default","tau_sqr[3,3]",0.0169378472675958,"bayesian_near_zero",10,0,0,,
7,"fit-mplus","Mplus DSEM Default","tau_sqr[4,4]",0.00812769630431302,"bayesian_near_zero",10,0,0,,
7,"fit-mplus","Mplus DSEM Default","tau_sqr[5,5]",0.00078364089793981,"bayesian_near_zero",10,0,0,,
7,"fit-mplus","Mplus DSEM Default","tau_sqr[6,6]",0.0256061389161291,"bayesian_near_zero",10,0,0,,
7,"fit-mplus-priors","Mplus DSEM Alternative Priors","tau_sqr[1,1]",1.2,"bayesian_near_zero",10,0,0,,
7,"fit-mplus-priors","Mplus DSEM Alternative Priors","tau_sqr[2,2]",1.1,"bayesian_near_zero",10,0,0,,
7,"fit-mplus-priors","Mplus DSEM Alternative Priors","tau_sqr[3,3]",0.0169378472675958,"bayesian_near_zero",10,0,0,,
7,"fit-mplus-priors","Mplus DSEM Alternative Priors","tau_sqr[4,4]",0.00812769630431302,"bayesian_near_zero",10,0,0,,
7,"fit-mplus-priors","Mplus DSEM Alternative Priors","tau_sqr[5,5]",0.00078364089793981,"bayesian_near_zero",10,0,0,,
7,"fit-mplus-priors","Mplus DSEM Alternative Priors","tau_sqr[6,6]",0.0256061389161291,"bayesian_near_zero",10,0,0,,
7,"fit-naive","Uncertainty-Uncorrected","tau_sqr[1,1]",1.2,"ml_boundary",9,0,0,0,0
7,"fit-naive","Uncertainty-Uncorrected","tau_sqr[2,2]",1.1,"ml_boundary",9,0,0,0,0
7,"fit-naive","Uncertainty-Uncorrected","tau_sqr[3,3]",0.0169378472675958,"ml_boundary",9,0,0,0,0
7,"fit-naive","Uncertainty-Uncorrected","tau_sqr[4,4]",0.00812769630431302,"ml_boundary",9,0.555555555555556,0.165634664999984,0.555555555555556,0.165634664999984
7,"fit-naive","Uncertainty-Uncorrected","tau_sqr[5,5]",0.00078364089793981,"ml_boundary",9,0.111111111111111,0.104756560175785,0.111111111111111,0.104756560175785
7,"fit-naive","Uncertainty-Uncorrected","tau_sqr[6,6]",0.0256061389161291,"ml_boundary",9,0,0,0,0
8,"fit-meta-var-mx","MetaVAR","tau_sqr[1,1]",1.2,"ml_boundary",10,0,0,0,0
8,"fit-meta-var-mx","MetaVAR","tau_sqr[2,2]",1.1,"ml_boundary",10,0,0,0,0
8,"fit-meta-var-mx","MetaVAR","tau_sqr[3,3]",0.0169378472675958,"ml_boundary",10,0,0,0,0
8,"fit-meta-var-mx","MetaVAR","tau_sqr[4,4]",0.00812769630431302,"ml_boundary",10,0,0,0,0
8,"fit-meta-var-mx","MetaVAR","tau_sqr[5,5]",0.00078364089793981,"ml_boundary",10,0,0,0,0
8,"fit-meta-var-mx","MetaVAR","tau_sqr[6,6]",0.0256061389161291,"ml_boundary",10,0,0,0,0
8,"fit-mplus","Mplus DSEM Default","tau_sqr[1,1]",1.2,"bayesian_near_zero",10,0,0,,
8,"fit-mplus","Mplus DSEM Default","tau_sqr[2,2]",1.1,"bayesian_near_zero",10,0,0,,
8,"fit-mplus","Mplus DSEM Default","tau_sqr[3,3]",0.0169378472675958,"bayesian_near_zero",10,0,0,,
8,"fit-mplus","Mplus DSEM Default","tau_sqr[4,4]",0.00812769630431302,"bayesian_near_zero",10,0,0,,
8,"fit-mplus","Mplus DSEM Default","tau_sqr[5,5]",0.00078364089793981,"bayesian_near_zero",10,0,0,,
8,"fit-mplus","Mplus DSEM Default","tau_sqr[6,6]",0.0256061389161291,"bayesian_near_zero",10,0,0,,
8,"fit-mplus-priors","Mplus DSEM Alternative Priors","tau_sqr[1,1]",1.2,"bayesian_near_zero",10,0,0,,
8,"fit-mplus-priors","Mplus DSEM Alternative Priors","tau_sqr[2,2]",1.1,"bayesian_near_zero",10,0,0,,
8,"fit-mplus-priors","Mplus DSEM Alternative Priors","tau_sqr[3,3]",0.0169378472675958,"bayesian_near_zero",10,0,0,,
8,"fit-mplus-priors","Mplus DSEM Alternative Priors","tau_sqr[4,4]",0.00812769630431302,"bayesian_near_zero",10,0,0,,
8,"fit-mplus-priors","Mplus DSEM Alternative Priors","tau_sqr[5,5]",0.00078364089793981,"bayesian_near_zero",10,0,0,,
8,"fit-mplus-priors","Mplus DSEM Alternative Priors","tau_sqr[6,6]",0.0256061389161291,"bayesian_near_zero",10,0,0,,
8,"fit-naive","Uncertainty-Uncorrected","tau_sqr[1,1]",1.2,"ml_boundary",7,0,0,0,0
8,"fit-naive","Uncertainty-Uncorrected","tau_sqr[2,2]",1.1,"ml_boundary",7,0,0,0,0
8,"fit-naive","Uncertainty-Uncorrected","tau_sqr[3,3]",0.0169378472675958,"ml_boundary",7,0,0,0,0
8,"fit-naive","Uncertainty-Uncorrected","tau_sqr[4,4]",0.00812769630431302,"ml_boundary",7,0.571428571428571,0.187043905916565,0.571428571428571,0.187043905916565
8,"fit-naive","Uncertainty-Uncorrected","tau_sqr[5,5]",0.00078364089793981,"ml_boundary",7,0.142857142857143,0.132260014253222,0.142857142857143,0.132260014253222
8,"fit-naive","Uncertainty-Uncorrected","tau_sqr[6,6]",0.0256061389161291,"ml_boundary",7,0,0,0,0
9,"fit-meta-var-mx","MetaVAR","tau_sqr[1,1]",1.2,"ml_boundary",10,0,0,0,0
9,"fit-meta-var-mx","MetaVAR","tau_sqr[2,2]",1.1,"ml_boundary",10,0,0,0,0
9,"fit-meta-var-mx","MetaVAR","tau_sqr[3,3]",0.0169378472675958,"ml_boundary",10,0,0,0,0
9,"fit-meta-var-mx","MetaVAR","tau_sqr[4,4]",0.00812769630431302,"ml_boundary",10,0,0,0,0
9,"fit-meta-var-mx","MetaVAR","tau_sqr[5,5]",0.00078364089793981,"ml_boundary",10,0,0,0,0
9,"fit-meta-var-mx","MetaVAR","tau_sqr[6,6]",0.0256061389161291,"ml_boundary",10,0,0,0,0
9,"fit-mplus","Mplus DSEM Default","tau_sqr[1,1]",1.2,"bayesian_near_zero",10,0,0,,
9,"fit-mplus","Mplus DSEM Default","tau_sqr[2,2]",1.1,"bayesian_near_zero",10,0,0,,
9,"fit-mplus","Mplus DSEM Default","tau_sqr[3,3]",0.0169378472675958,"bayesian_near_zero",10,0,0,,
9,"fit-mplus","Mplus DSEM Default","tau_sqr[4,4]",0.00812769630431302,"bayesian_near_zero",10,0,0,,
9,"fit-mplus","Mplus DSEM Default","tau_sqr[5,5]",0.00078364089793981,"bayesian_near_zero",10,0,0,,
9,"fit-mplus","Mplus DSEM Default","tau_sqr[6,6]",0.0256061389161291,"bayesian_near_zero",10,0,0,,
9,"fit-mplus-priors","Mplus DSEM Alternative Priors","tau_sqr[1,1]",1.2,"bayesian_near_zero",10,0,0,,
9,"fit-mplus-priors","Mplus DSEM Alternative Priors","tau_sqr[2,2]",1.1,"bayesian_near_zero",10,0,0,,
9,"fit-mplus-priors","Mplus DSEM Alternative Priors","tau_sqr[3,3]",0.0169378472675958,"bayesian_near_zero",10,0,0,,
9,"fit-mplus-priors","Mplus DSEM Alternative Priors","tau_sqr[4,4]",0.00812769630431302,"bayesian_near_zero",10,0,0,,
9,"fit-mplus-priors","Mplus DSEM Alternative Priors","tau_sqr[5,5]",0.00078364089793981,"bayesian_near_zero",10,0,0,,
9,"fit-mplus-priors","Mplus DSEM Alternative Priors","tau_sqr[6,6]",0.0256061389161291,"bayesian_near_zero",10,0,0,,
9,"fit-naive","Uncertainty-Uncorrected","tau_sqr[1,1]",1.2,"ml_boundary",6,0,0,0,0
9,"fit-naive","Uncertainty-Uncorrected","tau_sqr[2,2]",1.1,"ml_boundary",6,0,0,0,0
9,"fit-naive","Uncertainty-Uncorrected","tau_sqr[3,3]",0.0169378472675958,"ml_boundary",6,0,0,0,0
9,"fit-naive","Uncertainty-Uncorrected","tau_sqr[4,4]",0.00812769630431302,"ml_boundary",6,0.666666666666667,0.192450089729875,0.666666666666667,0.192450089729875
9,"fit-naive","Uncertainty-Uncorrected","tau_sqr[5,5]",0.00078364089793981,"ml_boundary",6,0,0,0,0
9,"fit-naive","Uncertainty-Uncorrected","tau_sqr[6,6]",0.0256061389161291,"ml_boundary",6,0,0,0,0
10,"fit-meta-var-mx","MetaVAR","tau_sqr[1,1]",1.2,"ml_boundary",10,0,0,0,0
10,"fit-meta-var-mx","MetaVAR","tau_sqr[2,2]",1.1,"ml_boundary",10,0,0,0,0
10,"fit-meta-var-mx","MetaVAR","tau_sqr[3,3]",0.0169378472675958,"ml_boundary",10,0,0,0,0
10,"fit-meta-var-mx","MetaVAR","tau_sqr[4,4]",0.00812769630431302,"ml_boundary",10,0,0,0,0
10,"fit-meta-var-mx","MetaVAR","tau_sqr[5,5]",0.00078364089793981,"ml_boundary",10,0,0,0,0
10,"fit-meta-var-mx","MetaVAR","tau_sqr[6,6]",0.0256061389161291,"ml_boundary",10,0,0,0,0
10,"fit-mplus","Mplus DSEM Default","tau_sqr[1,1]",1.2,"bayesian_near_zero",10,0,0,,
10,"fit-mplus","Mplus DSEM Default","tau_sqr[2,2]",1.1,"bayesian_near_zero",10,0,0,,
10,"fit-mplus","Mplus DSEM Default","tau_sqr[3,3]",0.0169378472675958,"bayesian_near_zero",10,0,0,,
10,"fit-mplus","Mplus DSEM Default","tau_sqr[4,4]",0.00812769630431302,"bayesian_near_zero",10,0,0,,
10,"fit-mplus","Mplus DSEM Default","tau_sqr[5,5]",0.00078364089793981,"bayesian_near_zero",10,0,0,,
10,"fit-mplus","Mplus DSEM Default","tau_sqr[6,6]",0.0256061389161291,"bayesian_near_zero",10,0,0,,
10,"fit-mplus-priors","Mplus DSEM Alternative Priors","tau_sqr[1,1]",1.2,"bayesian_near_zero",10,0,0,,
10,"fit-mplus-priors","Mplus DSEM Alternative Priors","tau_sqr[2,2]",1.1,"bayesian_near_zero",10,0,0,,
10,"fit-mplus-priors","Mplus DSEM Alternative Priors","tau_sqr[3,3]",0.0169378472675958,"bayesian_near_zero",10,0,0,,
10,"fit-mplus-priors","Mplus DSEM Alternative Priors","tau_sqr[4,4]",0.00812769630431302,"bayesian_near_zero",10,0,0,,
10,"fit-mplus-priors","Mplus DSEM Alternative Priors","tau_sqr[5,5]",0.00078364089793981,"bayesian_near_zero",10,0,0,,
10,"fit-mplus-priors","Mplus DSEM Alternative Priors","tau_sqr[6,6]",0.0256061389161291,"bayesian_near_zero",10,0,0,,
10,"fit-naive","Uncertainty-Uncorrected","tau_sqr[1,1]",1.2,"ml_boundary",10,0,0,0,0
10,"fit-naive","Uncertainty-Uncorrected","tau_sqr[2,2]",1.1,"ml_boundary",10,0,0,0,0
10,"fit-naive","Uncertainty-Uncorrected","tau_sqr[3,3]",0.0169378472675958,"ml_boundary",10,0,0,0,0
10,"fit-naive","Uncertainty-Uncorrected","tau_sqr[4,4]",0.00812769630431302,"ml_boundary",10,0.9,0.0948683298050514,0.9,0.0948683298050514
10,"fit-naive","Uncertainty-Uncorrected","tau_sqr[5,5]",0.00078364089793981,"ml_boundary",10,0.5,0.158113883008419,0.5,0.158113883008419
10,"fit-naive","Uncertainty-Uncorrected","tau_sqr[6,6]",0.0256061389161291,"ml_boundary",10,0,0,0,0
11,"fit-meta-var-mx","MetaVAR","tau_sqr[1,1]",1.2,"ml_boundary",10,0,0,0,0
11,"fit-meta-var-mx","MetaVAR","tau_sqr[2,2]",1.1,"ml_boundary",10,0,0,0,0
11,"fit-meta-var-mx","MetaVAR","tau_sqr[3,3]",0.0169378472675958,"ml_boundary",10,0,0,0,0
11,"fit-meta-var-mx","MetaVAR","tau_sqr[4,4]",0.00812769630431302,"ml_boundary",10,0,0,0,0
11,"fit-meta-var-mx","MetaVAR","tau_sqr[5,5]",0.00078364089793981,"ml_boundary",10,0,0,0,0
11,"fit-meta-var-mx","MetaVAR","tau_sqr[6,6]",0.0256061389161291,"ml_boundary",10,0,0,0,0
11,"fit-mplus","Mplus DSEM Default","tau_sqr[1,1]",1.2,"bayesian_near_zero",10,0,0,,
11,"fit-mplus","Mplus DSEM Default","tau_sqr[2,2]",1.1,"bayesian_near_zero",10,0,0,,
11,"fit-mplus","Mplus DSEM Default","tau_sqr[3,3]",0.0169378472675958,"bayesian_near_zero",10,0,0,,
11,"fit-mplus","Mplus DSEM Default","tau_sqr[4,4]",0.00812769630431302,"bayesian_near_zero",10,0,0,,
11,"fit-mplus","Mplus DSEM Default","tau_sqr[5,5]",0.00078364089793981,"bayesian_near_zero",10,0,0,,
11,"fit-mplus","Mplus DSEM Default","tau_sqr[6,6]",0.0256061389161291,"bayesian_near_zero",10,0,0,,
11,"fit-mplus-priors","Mplus DSEM Alternative Priors","tau_sqr[1,1]",1.2,"bayesian_near_zero",10,0,0,,
11,"fit-mplus-priors","Mplus DSEM Alternative Priors","tau_sqr[2,2]",1.1,"bayesian_near_zero",10,0,0,,
11,"fit-mplus-priors","Mplus DSEM Alternative Priors","tau_sqr[3,3]",0.0169378472675958,"bayesian_near_zero",10,0,0,,
11,"fit-mplus-priors","Mplus DSEM Alternative Priors","tau_sqr[4,4]",0.00812769630431302,"bayesian_near_zero",10,0,0,,
11,"fit-mplus-priors","Mplus DSEM Alternative Priors","tau_sqr[5,5]",0.00078364089793981,"bayesian_near_zero",10,0,0,,
11,"fit-mplus-priors","Mplus DSEM Alternative Priors","tau_sqr[6,6]",0.0256061389161291,"bayesian_near_zero",10,0,0,,
11,"fit-naive","Uncertainty-Uncorrected","tau_sqr[1,1]",1.2,"ml_boundary",10,0,0,0,0
11,"fit-naive","Uncertainty-Uncorrected","tau_sqr[2,2]",1.1,"ml_boundary",10,0,0,0,0
11,"fit-naive","Uncertainty-Uncorrected","tau_sqr[3,3]",0.0169378472675958,"ml_boundary",10,0,0,0,0
11,"fit-naive","Uncertainty-Uncorrected","tau_sqr[4,4]",0.00812769630431302,"ml_boundary",10,0.9,0.0948683298050514,0.9,0.0948683298050514
11,"fit-naive","Uncertainty-Uncorrected","tau_sqr[5,5]",0.00078364089793981,"ml_boundary",10,0.6,0.154919333848297,0.6,0.154919333848297
11,"fit-naive","Uncertainty-Uncorrected","tau_sqr[6,6]",0.0256061389161291,"ml_boundary",10,0,0,0,0
12,"fit-meta-var-mx","MetaVAR","tau_sqr[1,1]",1.2,"ml_boundary",10,0,0,0,0
12,"fit-meta-var-mx","MetaVAR","tau_sqr[2,2]",1.1,"ml_boundary",10,0,0,0,0
12,"fit-meta-var-mx","MetaVAR","tau_sqr[3,3]",0.0169378472675958,"ml_boundary",10,0,0,0,0
12,"fit-meta-var-mx","MetaVAR","tau_sqr[4,4]",0.00812769630431302,"ml_boundary",10,0,0,0,0
12,"fit-meta-var-mx","MetaVAR","tau_sqr[5,5]",0.00078364089793981,"ml_boundary",10,0,0,0,0
12,"fit-meta-var-mx","MetaVAR","tau_sqr[6,6]",0.0256061389161291,"ml_boundary",10,0,0,0,0
12,"fit-mplus","Mplus DSEM Default","tau_sqr[1,1]",1.2,"bayesian_near_zero",10,0,0,,
12,"fit-mplus","Mplus DSEM Default","tau_sqr[2,2]",1.1,"bayesian_near_zero",10,0,0,,
12,"fit-mplus","Mplus DSEM Default","tau_sqr[3,3]",0.0169378472675958,"bayesian_near_zero",10,0,0,,
12,"fit-mplus","Mplus DSEM Default","tau_sqr[4,4]",0.00812769630431302,"bayesian_near_zero",10,0,0,,
12,"fit-mplus","Mplus DSEM Default","tau_sqr[5,5]",0.00078364089793981,"bayesian_near_zero",10,0,0,,
12,"fit-mplus","Mplus DSEM Default","tau_sqr[6,6]",0.0256061389161291,"bayesian_near_zero",10,0,0,,
12,"fit-mplus-priors","Mplus DSEM Alternative Priors","tau_sqr[1,1]",1.2,"bayesian_near_zero",10,0,0,,
12,"fit-mplus-priors","Mplus DSEM Alternative Priors","tau_sqr[2,2]",1.1,"bayesian_near_zero",10,0,0,,
12,"fit-mplus-priors","Mplus DSEM Alternative Priors","tau_sqr[3,3]",0.0169378472675958,"bayesian_near_zero",10,0,0,,
12,"fit-mplus-priors","Mplus DSEM Alternative Priors","tau_sqr[4,4]",0.00812769630431302,"bayesian_near_zero",10,0,0,,
12,"fit-mplus-priors","Mplus DSEM Alternative Priors","tau_sqr[5,5]",0.00078364089793981,"bayesian_near_zero",10,0,0,,
12,"fit-mplus-priors","Mplus DSEM Alternative Priors","tau_sqr[6,6]",0.0256061389161291,"bayesian_near_zero",10,0,0,,
12,"fit-naive","Uncertainty-Uncorrected","tau_sqr[1,1]",1.2,"ml_boundary",10,0,0,0,0
12,"fit-naive","Uncertainty-Uncorrected","tau_sqr[2,2]",1.1,"ml_boundary",10,0,0,0,0
12,"fit-naive","Uncertainty-Uncorrected","tau_sqr[3,3]",0.0169378472675958,"ml_boundary",10,0,0,0,0
12,"fit-naive","Uncertainty-Uncorrected","tau_sqr[4,4]",0.00812769630431302,"ml_boundary",10,1,0,1,0
12,"fit-naive","Uncertainty-Uncorrected","tau_sqr[5,5]",0.00078364089793981,"ml_boundary",10,0.5,0.158113883008419,0.5,0.158113883008419
12,"fit-naive","Uncertainty-Uncorrected","tau_sqr[6,6]",0.0256061389161291,"ml_boundary",10,0,0,0,0
13,"fit-meta-var-mx","MetaVAR","tau_sqr[1,1]",1.2,"ml_boundary",10,0,0,0,0
13,"fit-meta-var-mx","MetaVAR","tau_sqr[2,2]",1.1,"ml_boundary",10,0,0,0,0
13,"fit-meta-var-mx","MetaVAR","tau_sqr[3,3]",0.0338188553779787,"ml_boundary",10,0,0,0,0
13,"fit-meta-var-mx","MetaVAR","tau_sqr[4,4]",0.016214110626106,"ml_boundary",10,0,0,0,0
13,"fit-meta-var-mx","MetaVAR","tau_sqr[5,5]",0.00156373011175614,"ml_boundary",10,0,0,0,0
13,"fit-meta-var-mx","MetaVAR","tau_sqr[6,6]",0.0507998425367048,"ml_boundary",10,0,0,0,0
13,"fit-mplus","Mplus DSEM Default","tau_sqr[1,1]",1.2,"bayesian_near_zero",10,0,0,,
13,"fit-mplus","Mplus DSEM Default","tau_sqr[2,2]",1.1,"bayesian_near_zero",10,0,0,,
13,"fit-mplus","Mplus DSEM Default","tau_sqr[3,3]",0.0338188553779787,"bayesian_near_zero",10,0,0,,
13,"fit-mplus","Mplus DSEM Default","tau_sqr[4,4]",0.016214110626106,"bayesian_near_zero",10,0,0,,
13,"fit-mplus","Mplus DSEM Default","tau_sqr[5,5]",0.00156373011175614,"bayesian_near_zero",10,0,0,,
13,"fit-mplus","Mplus DSEM Default","tau_sqr[6,6]",0.0507998425367048,"bayesian_near_zero",10,0,0,,
13,"fit-mplus-priors","Mplus DSEM Alternative Priors","tau_sqr[1,1]",1.2,"bayesian_near_zero",10,0,0,,
13,"fit-mplus-priors","Mplus DSEM Alternative Priors","tau_sqr[2,2]",1.1,"bayesian_near_zero",10,0,0,,
13,"fit-mplus-priors","Mplus DSEM Alternative Priors","tau_sqr[3,3]",0.0338188553779787,"bayesian_near_zero",10,0,0,,
13,"fit-mplus-priors","Mplus DSEM Alternative Priors","tau_sqr[4,4]",0.016214110626106,"bayesian_near_zero",10,0,0,,
13,"fit-mplus-priors","Mplus DSEM Alternative Priors","tau_sqr[5,5]",0.00156373011175614,"bayesian_near_zero",10,0,0,,
13,"fit-mplus-priors","Mplus DSEM Alternative Priors","tau_sqr[6,6]",0.0507998425367048,"bayesian_near_zero",10,0,0,,
13,"fit-naive","Uncertainty-Uncorrected","tau_sqr[1,1]",1.2,"ml_boundary",10,0,0,0,0
13,"fit-naive","Uncertainty-Uncorrected","tau_sqr[2,2]",1.1,"ml_boundary",10,0,0,0,0
13,"fit-naive","Uncertainty-Uncorrected","tau_sqr[3,3]",0.0338188553779787,"ml_boundary",10,0,0,0,0
13,"fit-naive","Uncertainty-Uncorrected","tau_sqr[4,4]",0.016214110626106,"ml_boundary",10,0.7,0.144913767461894,0.7,0.144913767461894
13,"fit-naive","Uncertainty-Uncorrected","tau_sqr[5,5]",0.00156373011175614,"ml_boundary",10,0.5,0.158113883008419,0.5,0.158113883008419
13,"fit-naive","Uncertainty-Uncorrected","tau_sqr[6,6]",0.0507998425367048,"ml_boundary",10,0,0,0,0
14,"fit-meta-var-mx","MetaVAR","tau_sqr[1,1]",1.2,"ml_boundary",10,0,0,0,0
14,"fit-meta-var-mx","MetaVAR","tau_sqr[2,2]",1.1,"ml_boundary",10,0,0,0,0
14,"fit-meta-var-mx","MetaVAR","tau_sqr[3,3]",0.0338188553779787,"ml_boundary",10,0,0,0,0
14,"fit-meta-var-mx","MetaVAR","tau_sqr[4,4]",0.016214110626106,"ml_boundary",10,0,0,0,0
14,"fit-meta-var-mx","MetaVAR","tau_sqr[5,5]",0.00156373011175614,"ml_boundary",10,0,0,0,0
14,"fit-meta-var-mx","MetaVAR","tau_sqr[6,6]",0.0507998425367048,"ml_boundary",10,0,0,0,0
14,"fit-mplus","Mplus DSEM Default","tau_sqr[1,1]",1.2,"bayesian_near_zero",10,0,0,,
14,"fit-mplus","Mplus DSEM Default","tau_sqr[2,2]",1.1,"bayesian_near_zero",10,0,0,,
14,"fit-mplus","Mplus DSEM Default","tau_sqr[3,3]",0.0338188553779787,"bayesian_near_zero",10,0,0,,
14,"fit-mplus","Mplus DSEM Default","tau_sqr[4,4]",0.016214110626106,"bayesian_near_zero",10,0,0,,
14,"fit-mplus","Mplus DSEM Default","tau_sqr[5,5]",0.00156373011175614,"bayesian_near_zero",10,0,0,,
14,"fit-mplus","Mplus DSEM Default","tau_sqr[6,6]",0.0507998425367048,"bayesian_near_zero",10,0,0,,
14,"fit-mplus-priors","Mplus DSEM Alternative Priors","tau_sqr[1,1]",1.2,"bayesian_near_zero",10,0,0,,
14,"fit-mplus-priors","Mplus DSEM Alternative Priors","tau_sqr[2,2]",1.1,"bayesian_near_zero",10,0,0,,
14,"fit-mplus-priors","Mplus DSEM Alternative Priors","tau_sqr[3,3]",0.0338188553779787,"bayesian_near_zero",10,0,0,,
14,"fit-mplus-priors","Mplus DSEM Alternative Priors","tau_sqr[4,4]",0.016214110626106,"bayesian_near_zero",10,0,0,,
14,"fit-mplus-priors","Mplus DSEM Alternative Priors","tau_sqr[5,5]",0.00156373011175614,"bayesian_near_zero",10,0,0,,
14,"fit-mplus-priors","Mplus DSEM Alternative Priors","tau_sqr[6,6]",0.0507998425367048,"bayesian_near_zero",10,0,0,,
14,"fit-naive","Uncertainty-Uncorrected","tau_sqr[1,1]",1.2,"ml_boundary",10,0,0,0,0
14,"fit-naive","Uncertainty-Uncorrected","tau_sqr[2,2]",1.1,"ml_boundary",10,0,0,0,0
14,"fit-naive","Uncertainty-Uncorrected","tau_sqr[3,3]",0.0338188553779787,"ml_boundary",10,0,0,0,0
14,"fit-naive","Uncertainty-Uncorrected","tau_sqr[4,4]",0.016214110626106,"ml_boundary",10,0.9,0.0948683298050514,0.9,0.0948683298050514
14,"fit-naive","Uncertainty-Uncorrected","tau_sqr[5,5]",0.00156373011175614,"ml_boundary",10,0.2,0.126491106406735,0.2,0.126491106406735
14,"fit-naive","Uncertainty-Uncorrected","tau_sqr[6,6]",0.0507998425367048,"ml_boundary",10,0,0,0,0
15,"fit-meta-var-mx","MetaVAR","tau_sqr[1,1]",1.2,"ml_boundary",10,0,0,0,0
15,"fit-meta-var-mx","MetaVAR","tau_sqr[2,2]",1.1,"ml_boundary",10,0,0,0,0
15,"fit-meta-var-mx","MetaVAR","tau_sqr[3,3]",0.0338188553779787,"ml_boundary",10,0,0,0,0
15,"fit-meta-var-mx","MetaVAR","tau_sqr[4,4]",0.016214110626106,"ml_boundary",10,0,0,0,0
15,"fit-meta-var-mx","MetaVAR","tau_sqr[5,5]",0.00156373011175614,"ml_boundary",10,0,0,0,0
15,"fit-meta-var-mx","MetaVAR","tau_sqr[6,6]",0.0507998425367048,"ml_boundary",10,0,0,0,0
15,"fit-mplus","Mplus DSEM Default","tau_sqr[1,1]",1.2,"bayesian_near_zero",10,0,0,,
15,"fit-mplus","Mplus DSEM Default","tau_sqr[2,2]",1.1,"bayesian_near_zero",10,0,0,,
15,"fit-mplus","Mplus DSEM Default","tau_sqr[3,3]",0.0338188553779787,"bayesian_near_zero",10,0,0,,
15,"fit-mplus","Mplus DSEM Default","tau_sqr[4,4]",0.016214110626106,"bayesian_near_zero",10,0,0,,
15,"fit-mplus","Mplus DSEM Default","tau_sqr[5,5]",0.00156373011175614,"bayesian_near_zero",10,0,0,,
15,"fit-mplus","Mplus DSEM Default","tau_sqr[6,6]",0.0507998425367048,"bayesian_near_zero",10,0,0,,
15,"fit-mplus-priors","Mplus DSEM Alternative Priors","tau_sqr[1,1]",1.2,"bayesian_near_zero",10,0,0,,
15,"fit-mplus-priors","Mplus DSEM Alternative Priors","tau_sqr[2,2]",1.1,"bayesian_near_zero",10,0,0,,
15,"fit-mplus-priors","Mplus DSEM Alternative Priors","tau_sqr[3,3]",0.0338188553779787,"bayesian_near_zero",10,0,0,,
15,"fit-mplus-priors","Mplus DSEM Alternative Priors","tau_sqr[4,4]",0.016214110626106,"bayesian_near_zero",10,0,0,,
15,"fit-mplus-priors","Mplus DSEM Alternative Priors","tau_sqr[5,5]",0.00156373011175614,"bayesian_near_zero",10,0,0,,
15,"fit-mplus-priors","Mplus DSEM Alternative Priors","tau_sqr[6,6]",0.0507998425367048,"bayesian_near_zero",10,0,0,,
15,"fit-naive","Uncertainty-Uncorrected","tau_sqr[1,1]",1.2,"ml_boundary",10,0,0,0,0
15,"fit-naive","Uncertainty-Uncorrected","tau_sqr[2,2]",1.1,"ml_boundary",10,0,0,0,0
15,"fit-naive","Uncertainty-Uncorrected","tau_sqr[3,3]",0.0338188553779787,"ml_boundary",10,0,0,0,0
15,"fit-naive","Uncertainty-Uncorrected","tau_sqr[4,4]",0.016214110626106,"ml_boundary",10,0.9,0.0948683298050514,0.9,0.0948683298050514
15,"fit-naive","Uncertainty-Uncorrected","tau_sqr[5,5]",0.00156373011175614,"ml_boundary",10,0.6,0.154919333848297,0.6,0.154919333848297
15,"fit-naive","Uncertainty-Uncorrected","tau_sqr[6,6]",0.0507998425367048,"ml_boundary",10,0,0,0,0
16,"fit-meta-var-mx","MetaVAR","tau_sqr[1,1]",1.2,"ml_boundary",10,0,0,0,0
16,"fit-meta-var-mx","MetaVAR","tau_sqr[2,2]",1.1,"ml_boundary",10,0,0,0,0
16,"fit-meta-var-mx","MetaVAR","tau_sqr[3,3]",0.0338188553779787,"ml_boundary",10,0,0,0,0
16,"fit-meta-var-mx","MetaVAR","tau_sqr[4,4]",0.016214110626106,"ml_boundary",10,0,0,0,0
16,"fit-meta-var-mx","MetaVAR","tau_sqr[5,5]",0.00156373011175614,"ml_boundary",10,0,0,0,0
16,"fit-meta-var-mx","MetaVAR","tau_sqr[6,6]",0.0507998425367048,"ml_boundary",10,0,0,0,0
16,"fit-mplus","Mplus DSEM Default","tau_sqr[1,1]",1.2,"bayesian_near_zero",10,0,0,,
16,"fit-mplus","Mplus DSEM Default","tau_sqr[2,2]",1.1,"bayesian_near_zero",10,0,0,,
16,"fit-mplus","Mplus DSEM Default","tau_sqr[3,3]",0.0338188553779787,"bayesian_near_zero",10,0,0,,
16,"fit-mplus","Mplus DSEM Default","tau_sqr[4,4]",0.016214110626106,"bayesian_near_zero",10,0,0,,
16,"fit-mplus","Mplus DSEM Default","tau_sqr[5,5]",0.00156373011175614,"bayesian_near_zero",10,0,0,,
16,"fit-mplus","Mplus DSEM Default","tau_sqr[6,6]",0.0507998425367048,"bayesian_near_zero",10,0,0,,
16,"fit-mplus-priors","Mplus DSEM Alternative Priors","tau_sqr[1,1]",1.2,"bayesian_near_zero",10,0,0,,
16,"fit-mplus-priors","Mplus DSEM Alternative Priors","tau_sqr[2,2]",1.1,"bayesian_near_zero",10,0,0,,
16,"fit-mplus-priors","Mplus DSEM Alternative Priors","tau_sqr[3,3]",0.0338188553779787,"bayesian_near_zero",10,0,0,,
16,"fit-mplus-priors","Mplus DSEM Alternative Priors","tau_sqr[4,4]",0.016214110626106,"bayesian_near_zero",10,0,0,,
16,"fit-mplus-priors","Mplus DSEM Alternative Priors","tau_sqr[5,5]",0.00156373011175614,"bayesian_near_zero",10,0,0,,
16,"fit-mplus-priors","Mplus DSEM Alternative Priors","tau_sqr[6,6]",0.0507998425367048,"bayesian_near_zero",10,0,0,,
16,"fit-naive","Uncertainty-Uncorrected","tau_sqr[1,1]",1.2,"ml_boundary",10,0,0,0,0
16,"fit-naive","Uncertainty-Uncorrected","tau_sqr[2,2]",1.1,"ml_boundary",10,0,0,0,0
16,"fit-naive","Uncertainty-Uncorrected","tau_sqr[3,3]",0.0338188553779787,"ml_boundary",10,0,0,0,0
16,"fit-naive","Uncertainty-Uncorrected","tau_sqr[4,4]",0.016214110626106,"ml_boundary",10,0,0,0,0
16,"fit-naive","Uncertainty-Uncorrected","tau_sqr[5,5]",0.00156373011175614,"ml_boundary",10,0.1,0.0948683298050514,0.1,0.0948683298050514
16,"fit-naive","Uncertainty-Uncorrected","tau_sqr[6,6]",0.0507998425367048,"ml_boundary",10,0,0,0,0
17,"fit-meta-var-mx","MetaVAR","tau_sqr[1,1]",1.2,"ml_boundary",10,0,0,0,0
17,"fit-meta-var-mx","MetaVAR","tau_sqr[2,2]",1.1,"ml_boundary",10,0,0,0,0
17,"fit-meta-var-mx","MetaVAR","tau_sqr[3,3]",0.0338188553779787,"ml_boundary",10,0,0,0,0
17,"fit-meta-var-mx","MetaVAR","tau_sqr[4,4]",0.016214110626106,"ml_boundary",10,0,0,0,0
17,"fit-meta-var-mx","MetaVAR","tau_sqr[5,5]",0.00156373011175614,"ml_boundary",10,0,0,0,0
17,"fit-meta-var-mx","MetaVAR","tau_sqr[6,6]",0.0507998425367048,"ml_boundary",10,0,0,0,0
17,"fit-mplus","Mplus DSEM Default","tau_sqr[1,1]",1.2,"bayesian_near_zero",10,0,0,,
17,"fit-mplus","Mplus DSEM Default","tau_sqr[2,2]",1.1,"bayesian_near_zero",10,0,0,,
17,"fit-mplus","Mplus DSEM Default","tau_sqr[3,3]",0.0338188553779787,"bayesian_near_zero",10,0,0,,
17,"fit-mplus","Mplus DSEM Default","tau_sqr[4,4]",0.016214110626106,"bayesian_near_zero",10,0,0,,
17,"fit-mplus","Mplus DSEM Default","tau_sqr[5,5]",0.00156373011175614,"bayesian_near_zero",10,0,0,,
17,"fit-mplus","Mplus DSEM Default","tau_sqr[6,6]",0.0507998425367048,"bayesian_near_zero",10,0,0,,
17,"fit-mplus-priors","Mplus DSEM Alternative Priors","tau_sqr[1,1]",1.2,"bayesian_near_zero",10,0,0,,
17,"fit-mplus-priors","Mplus DSEM Alternative Priors","tau_sqr[2,2]",1.1,"bayesian_near_zero",10,0,0,,
17,"fit-mplus-priors","Mplus DSEM Alternative Priors","tau_sqr[3,3]",0.0338188553779787,"bayesian_near_zero",10,0,0,,
17,"fit-mplus-priors","Mplus DSEM Alternative Priors","tau_sqr[4,4]",0.016214110626106,"bayesian_near_zero",10,0,0,,
17,"fit-mplus-priors","Mplus DSEM Alternative Priors","tau_sqr[5,5]",0.00156373011175614,"bayesian_near_zero",10,0,0,,
17,"fit-mplus-priors","Mplus DSEM Alternative Priors","tau_sqr[6,6]",0.0507998425367048,"bayesian_near_zero",10,0,0,,
17,"fit-naive","Uncertainty-Uncorrected","tau_sqr[1,1]",1.2,"ml_boundary",10,0,0,0,0
17,"fit-naive","Uncertainty-Uncorrected","tau_sqr[2,2]",1.1,"ml_boundary",10,0,0,0,0
17,"fit-naive","Uncertainty-Uncorrected","tau_sqr[3,3]",0.0338188553779787,"ml_boundary",10,0,0,0,0
17,"fit-naive","Uncertainty-Uncorrected","tau_sqr[4,4]",0.016214110626106,"ml_boundary",10,0.4,0.154919333848297,0.4,0.154919333848297
17,"fit-naive","Uncertainty-Uncorrected","tau_sqr[5,5]",0.00156373011175614,"ml_boundary",10,0.1,0.0948683298050514,0.1,0.0948683298050514
17,"fit-naive","Uncertainty-Uncorrected","tau_sqr[6,6]",0.0507998425367048,"ml_boundary",10,0,0,0,0
18,"fit-meta-var-mx","MetaVAR","tau_sqr[1,1]",1.2,"ml_boundary",10,0,0,0,0
18,"fit-meta-var-mx","MetaVAR","tau_sqr[2,2]",1.1,"ml_boundary",10,0,0,0,0
18,"fit-meta-var-mx","MetaVAR","tau_sqr[3,3]",0.0338188553779787,"ml_boundary",10,0,0,0,0
18,"fit-meta-var-mx","MetaVAR","tau_sqr[4,4]",0.016214110626106,"ml_boundary",10,0,0,0,0
18,"fit-meta-var-mx","MetaVAR","tau_sqr[5,5]",0.00156373011175614,"ml_boundary",10,0,0,0,0
18,"fit-meta-var-mx","MetaVAR","tau_sqr[6,6]",0.0507998425367048,"ml_boundary",10,0,0,0,0
18,"fit-mplus","Mplus DSEM Default","tau_sqr[1,1]",1.2,"bayesian_near_zero",10,0,0,,
18,"fit-mplus","Mplus DSEM Default","tau_sqr[2,2]",1.1,"bayesian_near_zero",10,0,0,,
18,"fit-mplus","Mplus DSEM Default","tau_sqr[3,3]",0.0338188553779787,"bayesian_near_zero",10,0,0,,
18,"fit-mplus","Mplus DSEM Default","tau_sqr[4,4]",0.016214110626106,"bayesian_near_zero",10,0,0,,
18,"fit-mplus","Mplus DSEM Default","tau_sqr[5,5]",0.00156373011175614,"bayesian_near_zero",10,0,0,,
18,"fit-mplus","Mplus DSEM Default","tau_sqr[6,6]",0.0507998425367048,"bayesian_near_zero",10,0,0,,
18,"fit-mplus-priors","Mplus DSEM Alternative Priors","tau_sqr[1,1]",1.2,"bayesian_near_zero",10,0,0,,
18,"fit-mplus-priors","Mplus DSEM Alternative Priors","tau_sqr[2,2]",1.1,"bayesian_near_zero",10,0,0,,
18,"fit-mplus-priors","Mplus DSEM Alternative Priors","tau_sqr[3,3]",0.0338188553779787,"bayesian_near_zero",10,0,0,,
18,"fit-mplus-priors","Mplus DSEM Alternative Priors","tau_sqr[4,4]",0.016214110626106,"bayesian_near_zero",10,0,0,,
18,"fit-mplus-priors","Mplus DSEM Alternative Priors","tau_sqr[5,5]",0.00156373011175614,"bayesian_near_zero",10,0,0,,
18,"fit-mplus-priors","Mplus DSEM Alternative Priors","tau_sqr[6,6]",0.0507998425367048,"bayesian_near_zero",10,0,0,,
18,"fit-naive","Uncertainty-Uncorrected","tau_sqr[1,1]",1.2,"ml_boundary",10,0,0,0,0
18,"fit-naive","Uncertainty-Uncorrected","tau_sqr[2,2]",1.1,"ml_boundary",10,0,0,0,0
18,"fit-naive","Uncertainty-Uncorrected","tau_sqr[3,3]",0.0338188553779787,"ml_boundary",10,0,0,0,0
18,"fit-naive","Uncertainty-Uncorrected","tau_sqr[4,4]",0.016214110626106,"ml_boundary",10,0.4,0.154919333848297,0.4,0.154919333848297
18,"fit-naive","Uncertainty-Uncorrected","tau_sqr[5,5]",0.00156373011175614,"ml_boundary",10,0,0,0,0
18,"fit-naive","Uncertainty-Uncorrected","tau_sqr[6,6]",0.0507998425367048,"ml_boundary",10,0,0,0,0
19,"fit-meta-var-mx","MetaVAR","tau_sqr[1,1]",1.2,"ml_boundary",10,0,0,0,0
19,"fit-meta-var-mx","MetaVAR","tau_sqr[2,2]",1.1,"ml_boundary",10,0,0,0,0
19,"fit-meta-var-mx","MetaVAR","tau_sqr[3,3]",0.0338188553779787,"ml_boundary",10,0,0,0,0
19,"fit-meta-var-mx","MetaVAR","tau_sqr[4,4]",0.016214110626106,"ml_boundary",10,0,0,0,0
19,"fit-meta-var-mx","MetaVAR","tau_sqr[5,5]",0.00156373011175614,"ml_boundary",10,0,0,0,0
19,"fit-meta-var-mx","MetaVAR","tau_sqr[6,6]",0.0507998425367048,"ml_boundary",10,0,0,0,0
19,"fit-mplus","Mplus DSEM Default","tau_sqr[1,1]",1.2,"bayesian_near_zero",10,0,0,,
19,"fit-mplus","Mplus DSEM Default","tau_sqr[2,2]",1.1,"bayesian_near_zero",10,0,0,,
19,"fit-mplus","Mplus DSEM Default","tau_sqr[3,3]",0.0338188553779787,"bayesian_near_zero",10,0,0,,
19,"fit-mplus","Mplus DSEM Default","tau_sqr[4,4]",0.016214110626106,"bayesian_near_zero",10,0,0,,
19,"fit-mplus","Mplus DSEM Default","tau_sqr[5,5]",0.00156373011175614,"bayesian_near_zero",10,0,0,,
19,"fit-mplus","Mplus DSEM Default","tau_sqr[6,6]",0.0507998425367048,"bayesian_near_zero",10,0,0,,
19,"fit-mplus-priors","Mplus DSEM Alternative Priors","tau_sqr[1,1]",1.2,"bayesian_near_zero",10,0,0,,
19,"fit-mplus-priors","Mplus DSEM Alternative Priors","tau_sqr[2,2]",1.1,"bayesian_near_zero",10,0,0,,
19,"fit-mplus-priors","Mplus DSEM Alternative Priors","tau_sqr[3,3]",0.0338188553779787,"bayesian_near_zero",10,0,0,,
19,"fit-mplus-priors","Mplus DSEM Alternative Priors","tau_sqr[4,4]",0.016214110626106,"bayesian_near_zero",10,0,0,,
19,"fit-mplus-priors","Mplus DSEM Alternative Priors","tau_sqr[5,5]",0.00156373011175614,"bayesian_near_zero",10,0,0,,
19,"fit-mplus-priors","Mplus DSEM Alternative Priors","tau_sqr[6,6]",0.0507998425367048,"bayesian_near_zero",10,0,0,,
19,"fit-naive","Uncertainty-Uncorrected","tau_sqr[1,1]",1.2,"ml_boundary",10,0,0,0,0
19,"fit-naive","Uncertainty-Uncorrected","tau_sqr[2,2]",1.1,"ml_boundary",10,0,0,0,0
19,"fit-naive","Uncertainty-Uncorrected","tau_sqr[3,3]",0.0338188553779787,"ml_boundary",10,0,0,0,0
19,"fit-naive","Uncertainty-Uncorrected","tau_sqr[4,4]",0.016214110626106,"ml_boundary",10,0.4,0.154919333848297,0.4,0.154919333848297
19,"fit-naive","Uncertainty-Uncorrected","tau_sqr[5,5]",0.00156373011175614,"ml_boundary",10,0,0,0,0
19,"fit-naive","Uncertainty-Uncorrected","tau_sqr[6,6]",0.0507998425367048,"ml_boundary",10,0,0,0,0
20,"fit-meta-var-mx","MetaVAR","tau_sqr[1,1]",1.2,"ml_boundary",10,0,0,0,0
20,"fit-meta-var-mx","MetaVAR","tau_sqr[2,2]",1.1,"ml_boundary",10,0,0,0,0
20,"fit-meta-var-mx","MetaVAR","tau_sqr[3,3]",0.0338188553779787,"ml_boundary",10,0,0,0,0
20,"fit-meta-var-mx","MetaVAR","tau_sqr[4,4]",0.016214110626106,"ml_boundary",10,0,0,0,0
20,"fit-meta-var-mx","MetaVAR","tau_sqr[5,5]",0.00156373011175614,"ml_boundary",10,0,0,0,0
20,"fit-meta-var-mx","MetaVAR","tau_sqr[6,6]",0.0507998425367048,"ml_boundary",10,0,0,0,0
20,"fit-mplus","Mplus DSEM Default","tau_sqr[1,1]",1.2,"bayesian_near_zero",10,0,0,,
20,"fit-mplus","Mplus DSEM Default","tau_sqr[2,2]",1.1,"bayesian_near_zero",10,0,0,,
20,"fit-mplus","Mplus DSEM Default","tau_sqr[3,3]",0.0338188553779787,"bayesian_near_zero",10,0,0,,
20,"fit-mplus","Mplus DSEM Default","tau_sqr[4,4]",0.016214110626106,"bayesian_near_zero",10,0,0,,
20,"fit-mplus","Mplus DSEM Default","tau_sqr[5,5]",0.00156373011175614,"bayesian_near_zero",10,0,0,,
20,"fit-mplus","Mplus DSEM Default","tau_sqr[6,6]",0.0507998425367048,"bayesian_near_zero",10,0,0,,
20,"fit-mplus-priors","Mplus DSEM Alternative Priors","tau_sqr[1,1]",1.2,"bayesian_near_zero",10,0,0,,
20,"fit-mplus-priors","Mplus DSEM Alternative Priors","tau_sqr[2,2]",1.1,"bayesian_near_zero",10,0,0,,
20,"fit-mplus-priors","Mplus DSEM Alternative Priors","tau_sqr[3,3]",0.0338188553779787,"bayesian_near_zero",10,0,0,,
20,"fit-mplus-priors","Mplus DSEM Alternative Priors","tau_sqr[4,4]",0.016214110626106,"bayesian_near_zero",10,0,0,,
20,"fit-mplus-priors","Mplus DSEM Alternative Priors","tau_sqr[5,5]",0.00156373011175614,"bayesian_near_zero",10,0,0,,
20,"fit-mplus-priors","Mplus DSEM Alternative Priors","tau_sqr[6,6]",0.0507998425367048,"bayesian_near_zero",10,0,0,,
20,"fit-naive","Uncertainty-Uncorrected","tau_sqr[1,1]",1.2,"ml_boundary",10,0,0,0,0
20,"fit-naive","Uncertainty-Uncorrected","tau_sqr[2,2]",1.1,"ml_boundary",10,0,0,0,0
20,"fit-naive","Uncertainty-Uncorrected","tau_sqr[3,3]",0.0338188553779787,"ml_boundary",10,0,0,0,0
20,"fit-naive","Uncertainty-Uncorrected","tau_sqr[4,4]",0.016214110626106,"ml_boundary",10,0,0,0,0
20,"fit-naive","Uncertainty-Uncorrected","tau_sqr[5,5]",0.00156373011175614,"ml_boundary",10,0,0,0,0
20,"fit-naive","Uncertainty-Uncorrected","tau_sqr[6,6]",0.0507998425367048,"ml_boundary",10,0,0,0,0
21,"fit-meta-var-mx","MetaVAR","tau_sqr[1,1]",1.2,"ml_boundary",10,0,0,0,0
21,"fit-meta-var-mx","MetaVAR","tau_sqr[2,2]",1.1,"ml_boundary",10,0,0,0,0
21,"fit-meta-var-mx","MetaVAR","tau_sqr[3,3]",0.0338188553779787,"ml_boundary",10,0,0,0,0
21,"fit-meta-var-mx","MetaVAR","tau_sqr[4,4]",0.016214110626106,"ml_boundary",10,0,0,0,0
21,"fit-meta-var-mx","MetaVAR","tau_sqr[5,5]",0.00156373011175614,"ml_boundary",10,0,0,0,0
21,"fit-meta-var-mx","MetaVAR","tau_sqr[6,6]",0.0507998425367048,"ml_boundary",10,0,0,0,0
21,"fit-mplus","Mplus DSEM Default","tau_sqr[1,1]",1.2,"bayesian_near_zero",10,0,0,,
21,"fit-mplus","Mplus DSEM Default","tau_sqr[2,2]",1.1,"bayesian_near_zero",10,0,0,,
21,"fit-mplus","Mplus DSEM Default","tau_sqr[3,3]",0.0338188553779787,"bayesian_near_zero",10,0,0,,
21,"fit-mplus","Mplus DSEM Default","tau_sqr[4,4]",0.016214110626106,"bayesian_near_zero",10,0,0,,
21,"fit-mplus","Mplus DSEM Default","tau_sqr[5,5]",0.00156373011175614,"bayesian_near_zero",10,0,0,,
21,"fit-mplus","Mplus DSEM Default","tau_sqr[6,6]",0.0507998425367048,"bayesian_near_zero",10,0,0,,
21,"fit-mplus-priors","Mplus DSEM Alternative Priors","tau_sqr[1,1]",1.2,"bayesian_near_zero",10,0,0,,
21,"fit-mplus-priors","Mplus DSEM Alternative Priors","tau_sqr[2,2]",1.1,"bayesian_near_zero",10,0,0,,
21,"fit-mplus-priors","Mplus DSEM Alternative Priors","tau_sqr[3,3]",0.0338188553779787,"bayesian_near_zero",10,0,0,,
21,"fit-mplus-priors","Mplus DSEM Alternative Priors","tau_sqr[4,4]",0.016214110626106,"bayesian_near_zero",10,0,0,,
21,"fit-mplus-priors","Mplus DSEM Alternative Priors","tau_sqr[5,5]",0.00156373011175614,"bayesian_near_zero",10,0,0,,
21,"fit-mplus-priors","Mplus DSEM Alternative Priors","tau_sqr[6,6]",0.0507998425367048,"bayesian_near_zero",10,0,0,,
21,"fit-naive","Uncertainty-Uncorrected","tau_sqr[1,1]",1.2,"ml_boundary",10,0,0,0,0
21,"fit-naive","Uncertainty-Uncorrected","tau_sqr[2,2]",1.1,"ml_boundary",10,0,0,0,0
21,"fit-naive","Uncertainty-Uncorrected","tau_sqr[3,3]",0.0338188553779787,"ml_boundary",10,0,0,0,0
21,"fit-naive","Uncertainty-Uncorrected","tau_sqr[4,4]",0.016214110626106,"ml_boundary",10,0,0,0,0
21,"fit-naive","Uncertainty-Uncorrected","tau_sqr[5,5]",0.00156373011175614,"ml_boundary",10,0,0,0,0
21,"fit-naive","Uncertainty-Uncorrected","tau_sqr[6,6]",0.0507998425367048,"ml_boundary",10,0,0,0,0
22,"fit-meta-var-mx","MetaVAR","tau_sqr[1,1]",1.2,"ml_boundary",10,0,0,0,0
22,"fit-meta-var-mx","MetaVAR","tau_sqr[2,2]",1.1,"ml_boundary",10,0,0,0,0
22,"fit-meta-var-mx","MetaVAR","tau_sqr[3,3]",0.0338188553779787,"ml_boundary",10,0,0,0,0
22,"fit-meta-var-mx","MetaVAR","tau_sqr[4,4]",0.016214110626106,"ml_boundary",10,0,0,0,0
22,"fit-meta-var-mx","MetaVAR","tau_sqr[5,5]",0.00156373011175614,"ml_boundary",10,0,0,0,0
22,"fit-meta-var-mx","MetaVAR","tau_sqr[6,6]",0.0507998425367048,"ml_boundary",10,0,0,0,0
22,"fit-mplus","Mplus DSEM Default","tau_sqr[1,1]",1.2,"bayesian_near_zero",10,0,0,,
22,"fit-mplus","Mplus DSEM Default","tau_sqr[2,2]",1.1,"bayesian_near_zero",10,0,0,,
22,"fit-mplus","Mplus DSEM Default","tau_sqr[3,3]",0.0338188553779787,"bayesian_near_zero",10,0,0,,
22,"fit-mplus","Mplus DSEM Default","tau_sqr[4,4]",0.016214110626106,"bayesian_near_zero",10,0,0,,
22,"fit-mplus","Mplus DSEM Default","tau_sqr[5,5]",0.00156373011175614,"bayesian_near_zero",10,0,0,,
22,"fit-mplus","Mplus DSEM Default","tau_sqr[6,6]",0.0507998425367048,"bayesian_near_zero",10,0,0,,
22,"fit-mplus-priors","Mplus DSEM Alternative Priors","tau_sqr[1,1]",1.2,"bayesian_near_zero",10,0,0,,
22,"fit-mplus-priors","Mplus DSEM Alternative Priors","tau_sqr[2,2]",1.1,"bayesian_near_zero",10,0,0,,
22,"fit-mplus-priors","Mplus DSEM Alternative Priors","tau_sqr[3,3]",0.0338188553779787,"bayesian_near_zero",10,0,0,,
22,"fit-mplus-priors","Mplus DSEM Alternative Priors","tau_sqr[4,4]",0.016214110626106,"bayesian_near_zero",10,0,0,,
22,"fit-mplus-priors","Mplus DSEM Alternative Priors","tau_sqr[5,5]",0.00156373011175614,"bayesian_near_zero",10,0,0,,
22,"fit-mplus-priors","Mplus DSEM Alternative Priors","tau_sqr[6,6]",0.0507998425367048,"bayesian_near_zero",10,0,0,,
22,"fit-naive","Uncertainty-Uncorrected","tau_sqr[1,1]",1.2,"ml_boundary",10,0,0,0,0
22,"fit-naive","Uncertainty-Uncorrected","tau_sqr[2,2]",1.1,"ml_boundary",10,0,0,0,0
22,"fit-naive","Uncertainty-Uncorrected","tau_sqr[3,3]",0.0338188553779787,"ml_boundary",10,0,0,0,0
22,"fit-naive","Uncertainty-Uncorrected","tau_sqr[4,4]",0.016214110626106,"ml_boundary",10,0.6,0.154919333848297,0.6,0.154919333848297
22,"fit-naive","Uncertainty-Uncorrected","tau_sqr[5,5]",0.00156373011175614,"ml_boundary",10,0.1,0.0948683298050514,0.1,0.0948683298050514
22,"fit-naive","Uncertainty-Uncorrected","tau_sqr[6,6]",0.0507998425367048,"ml_boundary",10,0,0,0,0
23,"fit-meta-var-mx","MetaVAR","tau_sqr[1,1]",1.2,"ml_boundary",10,0,0,0,0
23,"fit-meta-var-mx","MetaVAR","tau_sqr[2,2]",1.1,"ml_boundary",10,0,0,0,0
23,"fit-meta-var-mx","MetaVAR","tau_sqr[3,3]",0.0338188553779787,"ml_boundary",10,0,0,0,0
23,"fit-meta-var-mx","MetaVAR","tau_sqr[4,4]",0.016214110626106,"ml_boundary",10,0,0,0,0
23,"fit-meta-var-mx","MetaVAR","tau_sqr[5,5]",0.00156373011175614,"ml_boundary",10,0,0,0,0
23,"fit-meta-var-mx","MetaVAR","tau_sqr[6,6]",0.0507998425367048,"ml_boundary",10,0,0,0,0
23,"fit-mplus","Mplus DSEM Default","tau_sqr[1,1]",1.2,"bayesian_near_zero",10,0,0,,
23,"fit-mplus","Mplus DSEM Default","tau_sqr[2,2]",1.1,"bayesian_near_zero",10,0,0,,
23,"fit-mplus","Mplus DSEM Default","tau_sqr[3,3]",0.0338188553779787,"bayesian_near_zero",10,0,0,,
23,"fit-mplus","Mplus DSEM Default","tau_sqr[4,4]",0.016214110626106,"bayesian_near_zero",10,0,0,,
23,"fit-mplus","Mplus DSEM Default","tau_sqr[5,5]",0.00156373011175614,"bayesian_near_zero",10,0,0,,
23,"fit-mplus","Mplus DSEM Default","tau_sqr[6,6]",0.0507998425367048,"bayesian_near_zero",10,0,0,,
23,"fit-mplus-priors","Mplus DSEM Alternative Priors","tau_sqr[1,1]",1.2,"bayesian_near_zero",10,0,0,,
23,"fit-mplus-priors","Mplus DSEM Alternative Priors","tau_sqr[2,2]",1.1,"bayesian_near_zero",10,0,0,,
23,"fit-mplus-priors","Mplus DSEM Alternative Priors","tau_sqr[3,3]",0.0338188553779787,"bayesian_near_zero",10,0,0,,
23,"fit-mplus-priors","Mplus DSEM Alternative Priors","tau_sqr[4,4]",0.016214110626106,"bayesian_near_zero",10,0,0,,
23,"fit-mplus-priors","Mplus DSEM Alternative Priors","tau_sqr[5,5]",0.00156373011175614,"bayesian_near_zero",10,0,0,,
23,"fit-mplus-priors","Mplus DSEM Alternative Priors","tau_sqr[6,6]",0.0507998425367048,"bayesian_near_zero",10,0,0,,
23,"fit-naive","Uncertainty-Uncorrected","tau_sqr[1,1]",1.2,"ml_boundary",10,0,0,0,0
23,"fit-naive","Uncertainty-Uncorrected","tau_sqr[2,2]",1.1,"ml_boundary",10,0,0,0,0
23,"fit-naive","Uncertainty-Uncorrected","tau_sqr[3,3]",0.0338188553779787,"ml_boundary",10,0,0,0,0
23,"fit-naive","Uncertainty-Uncorrected","tau_sqr[4,4]",0.016214110626106,"ml_boundary",10,0.7,0.144913767461894,0.7,0.144913767461894
23,"fit-naive","Uncertainty-Uncorrected","tau_sqr[5,5]",0.00156373011175614,"ml_boundary",10,0.1,0.0948683298050514,0.1,0.0948683298050514
23,"fit-naive","Uncertainty-Uncorrected","tau_sqr[6,6]",0.0507998425367048,"ml_boundary",10,0,0,0,0
24,"fit-meta-var-mx","MetaVAR","tau_sqr[1,1]",1.2,"ml_boundary",10,0,0,0,0
24,"fit-meta-var-mx","MetaVAR","tau_sqr[2,2]",1.1,"ml_boundary",10,0,0,0,0
24,"fit-meta-var-mx","MetaVAR","tau_sqr[3,3]",0.0338188553779787,"ml_boundary",10,0,0,0,0
24,"fit-meta-var-mx","MetaVAR","tau_sqr[4,4]",0.016214110626106,"ml_boundary",10,0,0,0,0
24,"fit-meta-var-mx","MetaVAR","tau_sqr[5,5]",0.00156373011175614,"ml_boundary",10,0,0,0,0
24,"fit-meta-var-mx","MetaVAR","tau_sqr[6,6]",0.0507998425367048,"ml_boundary",10,0,0,0,0
24,"fit-mplus","Mplus DSEM Default","tau_sqr[1,1]",1.2,"bayesian_near_zero",10,0,0,,
24,"fit-mplus","Mplus DSEM Default","tau_sqr[2,2]",1.1,"bayesian_near_zero",10,0,0,,
24,"fit-mplus","Mplus DSEM Default","tau_sqr[3,3]",0.0338188553779787,"bayesian_near_zero",10,0,0,,
24,"fit-mplus","Mplus DSEM Default","tau_sqr[4,4]",0.016214110626106,"bayesian_near_zero",10,0,0,,
24,"fit-mplus","Mplus DSEM Default","tau_sqr[5,5]",0.00156373011175614,"bayesian_near_zero",10,0,0,,
24,"fit-mplus","Mplus DSEM Default","tau_sqr[6,6]",0.0507998425367048,"bayesian_near_zero",10,0,0,,
24,"fit-mplus-priors","Mplus DSEM Alternative Priors","tau_sqr[1,1]",1.2,"bayesian_near_zero",10,0,0,,
24,"fit-mplus-priors","Mplus DSEM Alternative Priors","tau_sqr[2,2]",1.1,"bayesian_near_zero",10,0,0,,
24,"fit-mplus-priors","Mplus DSEM Alternative Priors","tau_sqr[3,3]",0.0338188553779787,"bayesian_near_zero",10,0,0,,
24,"fit-mplus-priors","Mplus DSEM Alternative Priors","tau_sqr[4,4]",0.016214110626106,"bayesian_near_zero",10,0,0,,
24,"fit-mplus-priors","Mplus DSEM Alternative Priors","tau_sqr[5,5]",0.00156373011175614,"bayesian_near_zero",10,0,0,,
24,"fit-mplus-priors","Mplus DSEM Alternative Priors","tau_sqr[6,6]",0.0507998425367048,"bayesian_near_zero",10,0,0,,
24,"fit-naive","Uncertainty-Uncorrected","tau_sqr[1,1]",1.2,"ml_boundary",10,0,0,0,0
24,"fit-naive","Uncertainty-Uncorrected","tau_sqr[2,2]",1.1,"ml_boundary",10,0,0,0,0
24,"fit-naive","Uncertainty-Uncorrected","tau_sqr[3,3]",0.0338188553779787,"ml_boundary",10,0,0,0,0
24,"fit-naive","Uncertainty-Uncorrected","tau_sqr[4,4]",0.016214110626106,"ml_boundary",10,1,0,1,0
24,"fit-naive","Uncertainty-Uncorrected","tau_sqr[5,5]",0.00156373011175614,"ml_boundary",10,0,0,0,0
24,"fit-naive","Uncertainty-Uncorrected","tau_sqr[6,6]",0.0507998425367048,"ml_boundary",10,0,0,0,0
25,"fit-meta-var-mx","MetaVAR","tau_sqr[1,1]",1.2,"ml_boundary",10,0,0,0,0
25,"fit-meta-var-mx","MetaVAR","tau_sqr[2,2]",1.1,"ml_boundary",10,0,0,0,0
25,"fit-meta-var-mx","MetaVAR","tau_sqr[3,3]",0,"ml_boundary",10,0,0,0,0
25,"fit-meta-var-mx","MetaVAR","tau_sqr[4,4]",0,"ml_boundary",10,0,0,0,0
25,"fit-meta-var-mx","MetaVAR","tau_sqr[5,5]",0,"ml_boundary",10,0,0,0,0
25,"fit-meta-var-mx","MetaVAR","tau_sqr[6,6]",0,"ml_boundary",10,0,0,0,0
25,"fit-mplus","Mplus DSEM Default","tau_sqr[1,1]",1.2,"bayesian_near_zero",10,0,0,,
25,"fit-mplus","Mplus DSEM Default","tau_sqr[2,2]",1.1,"bayesian_near_zero",10,0,0,,
25,"fit-mplus","Mplus DSEM Default","tau_sqr[3,3]",0,"bayesian_near_zero",10,0,0,,
25,"fit-mplus","Mplus DSEM Default","tau_sqr[4,4]",0,"bayesian_near_zero",10,0,0,,
25,"fit-mplus","Mplus DSEM Default","tau_sqr[5,5]",0,"bayesian_near_zero",10,0,0,,
25,"fit-mplus","Mplus DSEM Default","tau_sqr[6,6]",0,"bayesian_near_zero",10,0,0,,
25,"fit-mplus-priors","Mplus DSEM Alternative Priors","tau_sqr[1,1]",1.2,"bayesian_near_zero",10,0,0,,
25,"fit-mplus-priors","Mplus DSEM Alternative Priors","tau_sqr[2,2]",1.1,"bayesian_near_zero",10,0,0,,
25,"fit-mplus-priors","Mplus DSEM Alternative Priors","tau_sqr[3,3]",0,"bayesian_near_zero",10,0,0,,
25,"fit-mplus-priors","Mplus DSEM Alternative Priors","tau_sqr[4,4]",0,"bayesian_near_zero",10,0,0,,
25,"fit-mplus-priors","Mplus DSEM Alternative Priors","tau_sqr[5,5]",0,"bayesian_near_zero",10,0,0,,
25,"fit-mplus-priors","Mplus DSEM Alternative Priors","tau_sqr[6,6]",0,"bayesian_near_zero",10,0,0,,
25,"fit-naive","Uncertainty-Uncorrected","tau_sqr[1,1]",1.2,"ml_boundary",10,0,0,0,0
25,"fit-naive","Uncertainty-Uncorrected","tau_sqr[2,2]",1.1,"ml_boundary",10,0,0,0,0
25,"fit-naive","Uncertainty-Uncorrected","tau_sqr[3,3]",0,"ml_boundary",10,0,0,0,0
25,"fit-naive","Uncertainty-Uncorrected","tau_sqr[4,4]",0,"ml_boundary",10,1,0,1,0
25,"fit-naive","Uncertainty-Uncorrected","tau_sqr[5,5]",0,"ml_boundary",10,1,0,1,0
25,"fit-naive","Uncertainty-Uncorrected","tau_sqr[6,6]",0,"ml_boundary",10,0,0,0,0
26,"fit-meta-var-mx","MetaVAR","tau_sqr[1,1]",1.2,"ml_boundary",10,0,0,0,0
26,"fit-meta-var-mx","MetaVAR","tau_sqr[2,2]",1.1,"ml_boundary",10,0,0,0,0
26,"fit-meta-var-mx","MetaVAR","tau_sqr[3,3]",0,"ml_boundary",10,0,0,0,0
26,"fit-meta-var-mx","MetaVAR","tau_sqr[4,4]",0,"ml_boundary",10,0,0,0,0
26,"fit-meta-var-mx","MetaVAR","tau_sqr[5,5]",0,"ml_boundary",10,0,0,0,0
26,"fit-meta-var-mx","MetaVAR","tau_sqr[6,6]",0,"ml_boundary",10,0,0,0,0
26,"fit-mplus","Mplus DSEM Default","tau_sqr[1,1]",1.2,"bayesian_near_zero",10,0,0,,
26,"fit-mplus","Mplus DSEM Default","tau_sqr[2,2]",1.1,"bayesian_near_zero",10,0,0,,
26,"fit-mplus","Mplus DSEM Default","tau_sqr[3,3]",0,"bayesian_near_zero",10,0,0,,
26,"fit-mplus","Mplus DSEM Default","tau_sqr[4,4]",0,"bayesian_near_zero",10,0,0,,
26,"fit-mplus","Mplus DSEM Default","tau_sqr[5,5]",0,"bayesian_near_zero",10,0,0,,
26,"fit-mplus","Mplus DSEM Default","tau_sqr[6,6]",0,"bayesian_near_zero",10,0,0,,
26,"fit-mplus-priors","Mplus DSEM Alternative Priors","tau_sqr[1,1]",1.2,"bayesian_near_zero",10,0,0,,
26,"fit-mplus-priors","Mplus DSEM Alternative Priors","tau_sqr[2,2]",1.1,"bayesian_near_zero",10,0,0,,
26,"fit-mplus-priors","Mplus DSEM Alternative Priors","tau_sqr[3,3]",0,"bayesian_near_zero",10,0,0,,
26,"fit-mplus-priors","Mplus DSEM Alternative Priors","tau_sqr[4,4]",0,"bayesian_near_zero",10,0,0,,
26,"fit-mplus-priors","Mplus DSEM Alternative Priors","tau_sqr[5,5]",0,"bayesian_near_zero",10,0,0,,
26,"fit-mplus-priors","Mplus DSEM Alternative Priors","tau_sqr[6,6]",0,"bayesian_near_zero",10,0,0,,
26,"fit-naive","Uncertainty-Uncorrected","tau_sqr[1,1]",1.2,"ml_boundary",10,0,0,0,0
26,"fit-naive","Uncertainty-Uncorrected","tau_sqr[2,2]",1.1,"ml_boundary",10,0,0,0,0
26,"fit-naive","Uncertainty-Uncorrected","tau_sqr[3,3]",0,"ml_boundary",10,0,0,0,0
26,"fit-naive","Uncertainty-Uncorrected","tau_sqr[4,4]",0,"ml_boundary",10,1,0,1,0
26,"fit-naive","Uncertainty-Uncorrected","tau_sqr[5,5]",0,"ml_boundary",10,1,0,1,0
26,"fit-naive","Uncertainty-Uncorrected","tau_sqr[6,6]",0,"ml_boundary",10,0,0,0,0
27,"fit-meta-var-mx","MetaVAR","tau_sqr[1,1]",1.2,"ml_boundary",10,0,0,0,0
27,"fit-meta-var-mx","MetaVAR","tau_sqr[2,2]",1.1,"ml_boundary",10,0,0,0,0
27,"fit-meta-var-mx","MetaVAR","tau_sqr[3,3]",0,"ml_boundary",10,0,0,0,0
27,"fit-meta-var-mx","MetaVAR","tau_sqr[4,4]",0,"ml_boundary",10,0,0,0,0
27,"fit-meta-var-mx","MetaVAR","tau_sqr[5,5]",0,"ml_boundary",10,0,0,0,0
27,"fit-meta-var-mx","MetaVAR","tau_sqr[6,6]",0,"ml_boundary",10,0,0,0,0
27,"fit-mplus","Mplus DSEM Default","tau_sqr[1,1]",1.2,"bayesian_near_zero",10,0,0,,
27,"fit-mplus","Mplus DSEM Default","tau_sqr[2,2]",1.1,"bayesian_near_zero",10,0,0,,
27,"fit-mplus","Mplus DSEM Default","tau_sqr[3,3]",0,"bayesian_near_zero",10,0,0,,
27,"fit-mplus","Mplus DSEM Default","tau_sqr[4,4]",0,"bayesian_near_zero",10,0,0,,
27,"fit-mplus","Mplus DSEM Default","tau_sqr[5,5]",0,"bayesian_near_zero",10,0,0,,
27,"fit-mplus","Mplus DSEM Default","tau_sqr[6,6]",0,"bayesian_near_zero",10,0,0,,
27,"fit-mplus-priors","Mplus DSEM Alternative Priors","tau_sqr[1,1]",1.2,"bayesian_near_zero",10,0,0,,
27,"fit-mplus-priors","Mplus DSEM Alternative Priors","tau_sqr[2,2]",1.1,"bayesian_near_zero",10,0,0,,
27,"fit-mplus-priors","Mplus DSEM Alternative Priors","tau_sqr[3,3]",0,"bayesian_near_zero",10,0,0,,
27,"fit-mplus-priors","Mplus DSEM Alternative Priors","tau_sqr[4,4]",0,"bayesian_near_zero",10,0,0,,
27,"fit-mplus-priors","Mplus DSEM Alternative Priors","tau_sqr[5,5]",0,"bayesian_near_zero",10,0,0,,
27,"fit-mplus-priors","Mplus DSEM Alternative Priors","tau_sqr[6,6]",0,"bayesian_near_zero",10,0,0,,
27,"fit-naive","Uncertainty-Uncorrected","tau_sqr[1,1]",1.2,"ml_boundary",10,0,0,0,0
27,"fit-naive","Uncertainty-Uncorrected","tau_sqr[2,2]",1.1,"ml_boundary",10,0,0,0,0
27,"fit-naive","Uncertainty-Uncorrected","tau_sqr[3,3]",0,"ml_boundary",10,0,0,0,0
27,"fit-naive","Uncertainty-Uncorrected","tau_sqr[4,4]",0,"ml_boundary",10,1,0,1,0
27,"fit-naive","Uncertainty-Uncorrected","tau_sqr[5,5]",0,"ml_boundary",10,1,0,1,0
27,"fit-naive","Uncertainty-Uncorrected","tau_sqr[6,6]",0,"ml_boundary",10,0,0,0,0
28,"fit-meta-var-mx","MetaVAR","tau_sqr[1,1]",1.2,"ml_boundary",10,0,0,0,0
28,"fit-meta-var-mx","MetaVAR","tau_sqr[2,2]",1.1,"ml_boundary",10,0,0,0,0
28,"fit-meta-var-mx","MetaVAR","tau_sqr[3,3]",0,"ml_boundary",10,0,0,0,0
28,"fit-meta-var-mx","MetaVAR","tau_sqr[4,4]",0,"ml_boundary",10,0,0,0,0
28,"fit-meta-var-mx","MetaVAR","tau_sqr[5,5]",0,"ml_boundary",10,0,0,0,0
28,"fit-meta-var-mx","MetaVAR","tau_sqr[6,6]",0,"ml_boundary",10,0,0,0,0
28,"fit-mplus","Mplus DSEM Default","tau_sqr[1,1]",1.2,"bayesian_near_zero",10,0,0,,
28,"fit-mplus","Mplus DSEM Default","tau_sqr[2,2]",1.1,"bayesian_near_zero",10,0,0,,
28,"fit-mplus","Mplus DSEM Default","tau_sqr[3,3]",0,"bayesian_near_zero",10,0,0,,
28,"fit-mplus","Mplus DSEM Default","tau_sqr[4,4]",0,"bayesian_near_zero",10,0,0,,
28,"fit-mplus","Mplus DSEM Default","tau_sqr[5,5]",0,"bayesian_near_zero",10,0,0,,
28,"fit-mplus","Mplus DSEM Default","tau_sqr[6,6]",0,"bayesian_near_zero",10,0,0,,
28,"fit-mplus-priors","Mplus DSEM Alternative Priors","tau_sqr[1,1]",1.2,"bayesian_near_zero",10,0,0,,
28,"fit-mplus-priors","Mplus DSEM Alternative Priors","tau_sqr[2,2]",1.1,"bayesian_near_zero",10,0,0,,
28,"fit-mplus-priors","Mplus DSEM Alternative Priors","tau_sqr[3,3]",0,"bayesian_near_zero",10,0,0,,
28,"fit-mplus-priors","Mplus DSEM Alternative Priors","tau_sqr[4,4]",0,"bayesian_near_zero",10,0,0,,
28,"fit-mplus-priors","Mplus DSEM Alternative Priors","tau_sqr[5,5]",0,"bayesian_near_zero",10,0,0,,
28,"fit-mplus-priors","Mplus DSEM Alternative Priors","tau_sqr[6,6]",0,"bayesian_near_zero",10,0,0,,
28,"fit-naive","Uncertainty-Uncorrected","tau_sqr[1,1]",1.2,"ml_boundary",7,0,0,0,0
28,"fit-naive","Uncertainty-Uncorrected","tau_sqr[2,2]",1.1,"ml_boundary",7,0,0,0,0
28,"fit-naive","Uncertainty-Uncorrected","tau_sqr[3,3]",0,"ml_boundary",7,0,0,0,0
28,"fit-naive","Uncertainty-Uncorrected","tau_sqr[4,4]",0,"ml_boundary",7,1,0,1,0
28,"fit-naive","Uncertainty-Uncorrected","tau_sqr[5,5]",0,"ml_boundary",7,1,0,1,0
28,"fit-naive","Uncertainty-Uncorrected","tau_sqr[6,6]",0,"ml_boundary",7,0,0,0,0
29,"fit-meta-var-mx","MetaVAR","tau_sqr[1,1]",1.2,"ml_boundary",10,0,0,0,0
29,"fit-meta-var-mx","MetaVAR","tau_sqr[2,2]",1.1,"ml_boundary",10,0,0,0,0
29,"fit-meta-var-mx","MetaVAR","tau_sqr[3,3]",0,"ml_boundary",10,0,0,0,0
29,"fit-meta-var-mx","MetaVAR","tau_sqr[4,4]",0,"ml_boundary",10,0,0,0,0
29,"fit-meta-var-mx","MetaVAR","tau_sqr[5,5]",0,"ml_boundary",10,0,0,0,0
29,"fit-meta-var-mx","MetaVAR","tau_sqr[6,6]",0,"ml_boundary",10,0,0,0,0
29,"fit-mplus","Mplus DSEM Default","tau_sqr[1,1]",1.2,"bayesian_near_zero",10,0,0,,
29,"fit-mplus","Mplus DSEM Default","tau_sqr[2,2]",1.1,"bayesian_near_zero",10,0,0,,
29,"fit-mplus","Mplus DSEM Default","tau_sqr[3,3]",0,"bayesian_near_zero",10,0,0,,
29,"fit-mplus","Mplus DSEM Default","tau_sqr[4,4]",0,"bayesian_near_zero",10,0,0,,
29,"fit-mplus","Mplus DSEM Default","tau_sqr[5,5]",0,"bayesian_near_zero",10,0,0,,
29,"fit-mplus","Mplus DSEM Default","tau_sqr[6,6]",0,"bayesian_near_zero",10,0,0,,
29,"fit-mplus-priors","Mplus DSEM Alternative Priors","tau_sqr[1,1]",1.2,"bayesian_near_zero",10,0,0,,
29,"fit-mplus-priors","Mplus DSEM Alternative Priors","tau_sqr[2,2]",1.1,"bayesian_near_zero",10,0,0,,
29,"fit-mplus-priors","Mplus DSEM Alternative Priors","tau_sqr[3,3]",0,"bayesian_near_zero",10,0,0,,
29,"fit-mplus-priors","Mplus DSEM Alternative Priors","tau_sqr[4,4]",0,"bayesian_near_zero",10,0,0,,
29,"fit-mplus-priors","Mplus DSEM Alternative Priors","tau_sqr[5,5]",0,"bayesian_near_zero",10,0,0,,
29,"fit-mplus-priors","Mplus DSEM Alternative Priors","tau_sqr[6,6]",0,"bayesian_near_zero",10,0,0,,
29,"fit-naive","Uncertainty-Uncorrected","tau_sqr[1,1]",1.2,"ml_boundary",8,0,0,0,0
29,"fit-naive","Uncertainty-Uncorrected","tau_sqr[2,2]",1.1,"ml_boundary",8,0,0,0,0
29,"fit-naive","Uncertainty-Uncorrected","tau_sqr[3,3]",0,"ml_boundary",8,0,0,0,0
29,"fit-naive","Uncertainty-Uncorrected","tau_sqr[4,4]",0,"ml_boundary",8,0.875,0.116926793336686,0.875,0.116926793336686
29,"fit-naive","Uncertainty-Uncorrected","tau_sqr[5,5]",0,"ml_boundary",8,1,0,1,0
29,"fit-naive","Uncertainty-Uncorrected","tau_sqr[6,6]",0,"ml_boundary",8,0,0,0,0
30,"fit-meta-var-mx","MetaVAR","tau_sqr[1,1]",1.2,"ml_boundary",10,0,0,0,0
30,"fit-meta-var-mx","MetaVAR","tau_sqr[2,2]",1.1,"ml_boundary",10,0,0,0,0
30,"fit-meta-var-mx","MetaVAR","tau_sqr[3,3]",0,"ml_boundary",10,0,0,0,0
30,"fit-meta-var-mx","MetaVAR","tau_sqr[4,4]",0,"ml_boundary",10,0,0,0,0
30,"fit-meta-var-mx","MetaVAR","tau_sqr[5,5]",0,"ml_boundary",10,0,0,0,0
30,"fit-meta-var-mx","MetaVAR","tau_sqr[6,6]",0,"ml_boundary",10,0,0,0,0
30,"fit-mplus","Mplus DSEM Default","tau_sqr[1,1]",1.2,"bayesian_near_zero",10,0,0,,
30,"fit-mplus","Mplus DSEM Default","tau_sqr[2,2]",1.1,"bayesian_near_zero",10,0,0,,
30,"fit-mplus","Mplus DSEM Default","tau_sqr[3,3]",0,"bayesian_near_zero",10,0,0,,
30,"fit-mplus","Mplus DSEM Default","tau_sqr[4,4]",0,"bayesian_near_zero",10,0,0,,
30,"fit-mplus","Mplus DSEM Default","tau_sqr[5,5]",0,"bayesian_near_zero",10,0,0,,
30,"fit-mplus","Mplus DSEM Default","tau_sqr[6,6]",0,"bayesian_near_zero",10,0,0,,
30,"fit-mplus-priors","Mplus DSEM Alternative Priors","tau_sqr[1,1]",1.2,"bayesian_near_zero",10,0,0,,
30,"fit-mplus-priors","Mplus DSEM Alternative Priors","tau_sqr[2,2]",1.1,"bayesian_near_zero",10,0,0,,
30,"fit-mplus-priors","Mplus DSEM Alternative Priors","tau_sqr[3,3]",0,"bayesian_near_zero",10,0,0,,
30,"fit-mplus-priors","Mplus DSEM Alternative Priors","tau_sqr[4,4]",0,"bayesian_near_zero",10,0,0,,
30,"fit-mplus-priors","Mplus DSEM Alternative Priors","tau_sqr[5,5]",0,"bayesian_near_zero",10,0,0,,
30,"fit-mplus-priors","Mplus DSEM Alternative Priors","tau_sqr[6,6]",0,"bayesian_near_zero",10,0,0,,
30,"fit-naive","Uncertainty-Uncorrected","tau_sqr[1,1]",1.2,"ml_boundary",4,0,0,0,0
30,"fit-naive","Uncertainty-Uncorrected","tau_sqr[2,2]",1.1,"ml_boundary",4,0,0,0,0
30,"fit-naive","Uncertainty-Uncorrected","tau_sqr[3,3]",0,"ml_boundary",4,0,0,0,0
30,"fit-naive","Uncertainty-Uncorrected","tau_sqr[4,4]",0,"ml_boundary",4,1,0,1,0
30,"fit-naive","Uncertainty-Uncorrected","tau_sqr[5,5]",0,"ml_boundary",4,1,0,1,0
30,"fit-naive","Uncertainty-Uncorrected","tau_sqr[6,6]",0,"ml_boundary",4,0,0,0,0
31,"fit-meta-var-mx","MetaVAR","tau_sqr[1,1]",1.2,"ml_boundary",10,0,0,0,0
31,"fit-meta-var-mx","MetaVAR","tau_sqr[2,2]",1.1,"ml_boundary",10,0,0,0,0
31,"fit-meta-var-mx","MetaVAR","tau_sqr[3,3]",0,"ml_boundary",10,0,0,0,0
31,"fit-meta-var-mx","MetaVAR","tau_sqr[4,4]",0,"ml_boundary",10,0,0,0,0
31,"fit-meta-var-mx","MetaVAR","tau_sqr[5,5]",0,"ml_boundary",10,0,0,0,0
31,"fit-meta-var-mx","MetaVAR","tau_sqr[6,6]",0,"ml_boundary",10,0,0,0,0
31,"fit-mplus","Mplus DSEM Default","tau_sqr[1,1]",1.2,"bayesian_near_zero",10,0,0,,
31,"fit-mplus","Mplus DSEM Default","tau_sqr[2,2]",1.1,"bayesian_near_zero",10,0,0,,
31,"fit-mplus","Mplus DSEM Default","tau_sqr[3,3]",0,"bayesian_near_zero",10,0,0,,
31,"fit-mplus","Mplus DSEM Default","tau_sqr[4,4]",0,"bayesian_near_zero",10,0,0,,
31,"fit-mplus","Mplus DSEM Default","tau_sqr[5,5]",0,"bayesian_near_zero",10,0,0,,
31,"fit-mplus","Mplus DSEM Default","tau_sqr[6,6]",0,"bayesian_near_zero",10,0,0,,
31,"fit-mplus-priors","Mplus DSEM Alternative Priors","tau_sqr[1,1]",1.2,"bayesian_near_zero",10,0,0,,
31,"fit-mplus-priors","Mplus DSEM Alternative Priors","tau_sqr[2,2]",1.1,"bayesian_near_zero",10,0,0,,
31,"fit-mplus-priors","Mplus DSEM Alternative Priors","tau_sqr[3,3]",0,"bayesian_near_zero",10,0,0,,
31,"fit-mplus-priors","Mplus DSEM Alternative Priors","tau_sqr[4,4]",0,"bayesian_near_zero",10,0,0,,
31,"fit-mplus-priors","Mplus DSEM Alternative Priors","tau_sqr[5,5]",0,"bayesian_near_zero",10,0,0,,
31,"fit-mplus-priors","Mplus DSEM Alternative Priors","tau_sqr[6,6]",0,"bayesian_near_zero",10,0,0,,
31,"fit-naive","Uncertainty-Uncorrected","tau_sqr[1,1]",1.2,"ml_boundary",7,0,0,0,0
31,"fit-naive","Uncertainty-Uncorrected","tau_sqr[2,2]",1.1,"ml_boundary",7,0,0,0,0
31,"fit-naive","Uncertainty-Uncorrected","tau_sqr[3,3]",0,"ml_boundary",7,0,0,0,0
31,"fit-naive","Uncertainty-Uncorrected","tau_sqr[4,4]",0,"ml_boundary",7,0.714285714285714,0.170746944190628,0.714285714285714,0.170746944190628
31,"fit-naive","Uncertainty-Uncorrected","tau_sqr[5,5]",0,"ml_boundary",7,1,0,1,0
31,"fit-naive","Uncertainty-Uncorrected","tau_sqr[6,6]",0,"ml_boundary",7,0,0,0,0
32,"fit-meta-var-mx","MetaVAR","tau_sqr[1,1]",1.2,"ml_boundary",10,0,0,0,0
32,"fit-meta-var-mx","MetaVAR","tau_sqr[2,2]",1.1,"ml_boundary",10,0,0,0,0
32,"fit-meta-var-mx","MetaVAR","tau_sqr[3,3]",0,"ml_boundary",10,0,0,0,0
32,"fit-meta-var-mx","MetaVAR","tau_sqr[4,4]",0,"ml_boundary",10,0,0,0,0
32,"fit-meta-var-mx","MetaVAR","tau_sqr[5,5]",0,"ml_boundary",10,0.1,0.0948683298050514,0.1,0.0948683298050514
32,"fit-meta-var-mx","MetaVAR","tau_sqr[6,6]",0,"ml_boundary",10,0.1,0.0948683298050514,0.1,0.0948683298050514
32,"fit-mplus","Mplus DSEM Default","tau_sqr[1,1]",1.2,"bayesian_near_zero",10,0,0,,
32,"fit-mplus","Mplus DSEM Default","tau_sqr[2,2]",1.1,"bayesian_near_zero",10,0,0,,
32,"fit-mplus","Mplus DSEM Default","tau_sqr[3,3]",0,"bayesian_near_zero",10,0,0,,
32,"fit-mplus","Mplus DSEM Default","tau_sqr[4,4]",0,"bayesian_near_zero",10,0,0,,
32,"fit-mplus","Mplus DSEM Default","tau_sqr[5,5]",0,"bayesian_near_zero",10,0,0,,
32,"fit-mplus","Mplus DSEM Default","tau_sqr[6,6]",0,"bayesian_near_zero",10,0,0,,
32,"fit-mplus-priors","Mplus DSEM Alternative Priors","tau_sqr[1,1]",1.2,"bayesian_near_zero",10,0,0,,
32,"fit-mplus-priors","Mplus DSEM Alternative Priors","tau_sqr[2,2]",1.1,"bayesian_near_zero",10,0,0,,
32,"fit-mplus-priors","Mplus DSEM Alternative Priors","tau_sqr[3,3]",0,"bayesian_near_zero",10,0,0,,
32,"fit-mplus-priors","Mplus DSEM Alternative Priors","tau_sqr[4,4]",0,"bayesian_near_zero",10,0,0,,
32,"fit-mplus-priors","Mplus DSEM Alternative Priors","tau_sqr[5,5]",0,"bayesian_near_zero",10,0,0,,
32,"fit-mplus-priors","Mplus DSEM Alternative Priors","tau_sqr[6,6]",0,"bayesian_near_zero",10,0,0,,
32,"fit-naive","Uncertainty-Uncorrected","tau_sqr[1,1]",1.2,"ml_boundary",10,0,0,0,0
32,"fit-naive","Uncertainty-Uncorrected","tau_sqr[2,2]",1.1,"ml_boundary",10,0,0,0,0
32,"fit-naive","Uncertainty-Uncorrected","tau_sqr[3,3]",0,"ml_boundary",10,0,0,0,0
32,"fit-naive","Uncertainty-Uncorrected","tau_sqr[4,4]",0,"ml_boundary",10,1,0,1,0
32,"fit-naive","Uncertainty-Uncorrected","tau_sqr[5,5]",0,"ml_boundary",10,1,0,1,0
32,"fit-naive","Uncertainty-Uncorrected","tau_sqr[6,6]",0,"ml_boundary",10,0,0,0,0
33,"fit-meta-var-mx","MetaVAR","tau_sqr[1,1]",1.2,"ml_boundary",9,0,0,0,0
33,"fit-meta-var-mx","MetaVAR","tau_sqr[2,2]",1.1,"ml_boundary",9,0,0,0,0
33,"fit-meta-var-mx","MetaVAR","tau_sqr[3,3]",0,"ml_boundary",9,0,0,0,0
33,"fit-meta-var-mx","MetaVAR","tau_sqr[4,4]",0,"ml_boundary",9,0,0,0,0
33,"fit-meta-var-mx","MetaVAR","tau_sqr[5,5]",0,"ml_boundary",9,0,0,0,0
33,"fit-meta-var-mx","MetaVAR","tau_sqr[6,6]",0,"ml_boundary",9,0.111111111111111,0.104756560175785,0.111111111111111,0.104756560175785
33,"fit-mplus","Mplus DSEM Default","tau_sqr[1,1]",1.2,"bayesian_near_zero",10,0,0,,
33,"fit-mplus","Mplus DSEM Default","tau_sqr[2,2]",1.1,"bayesian_near_zero",10,0,0,,
33,"fit-mplus","Mplus DSEM Default","tau_sqr[3,3]",0,"bayesian_near_zero",10,0,0,,
33,"fit-mplus","Mplus DSEM Default","tau_sqr[4,4]",0,"bayesian_near_zero",10,0,0,,
33,"fit-mplus","Mplus DSEM Default","tau_sqr[5,5]",0,"bayesian_near_zero",10,0,0,,
33,"fit-mplus","Mplus DSEM Default","tau_sqr[6,6]",0,"bayesian_near_zero",10,0,0,,
33,"fit-mplus-priors","Mplus DSEM Alternative Priors","tau_sqr[1,1]",1.2,"bayesian_near_zero",10,0,0,,
33,"fit-mplus-priors","Mplus DSEM Alternative Priors","tau_sqr[2,2]",1.1,"bayesian_near_zero",10,0,0,,
33,"fit-mplus-priors","Mplus DSEM Alternative Priors","tau_sqr[3,3]",0,"bayesian_near_zero",10,0,0,,
33,"fit-mplus-priors","Mplus DSEM Alternative Priors","tau_sqr[4,4]",0,"bayesian_near_zero",10,0,0,,
33,"fit-mplus-priors","Mplus DSEM Alternative Priors","tau_sqr[5,5]",0,"bayesian_near_zero",10,0,0,,
33,"fit-mplus-priors","Mplus DSEM Alternative Priors","tau_sqr[6,6]",0,"bayesian_near_zero",10,0,0,,
33,"fit-naive","Uncertainty-Uncorrected","tau_sqr[1,1]",1.2,"ml_boundary",1,0,0,0,0
33,"fit-naive","Uncertainty-Uncorrected","tau_sqr[2,2]",1.1,"ml_boundary",1,0,0,0,0
33,"fit-naive","Uncertainty-Uncorrected","tau_sqr[3,3]",0,"ml_boundary",1,0,0,0,0
33,"fit-naive","Uncertainty-Uncorrected","tau_sqr[4,4]",0,"ml_boundary",1,1,0,1,0
33,"fit-naive","Uncertainty-Uncorrected","tau_sqr[5,5]",0,"ml_boundary",1,1,0,1,0
33,"fit-naive","Uncertainty-Uncorrected","tau_sqr[6,6]",0,"ml_boundary",1,0,0,0,0
34,"fit-meta-var-mx","MetaVAR","tau_sqr[1,1]",1.2,"ml_boundary",10,0,0,0,0
34,"fit-meta-var-mx","MetaVAR","tau_sqr[2,2]",1.1,"ml_boundary",10,0,0,0,0
34,"fit-meta-var-mx","MetaVAR","tau_sqr[3,3]",0,"ml_boundary",10,0,0,0,0
34,"fit-meta-var-mx","MetaVAR","tau_sqr[4,4]",0,"ml_boundary",10,0,0,0,0
34,"fit-meta-var-mx","MetaVAR","tau_sqr[5,5]",0,"ml_boundary",10,0,0,0,0
34,"fit-meta-var-mx","MetaVAR","tau_sqr[6,6]",0,"ml_boundary",10,0,0,0,0
34,"fit-mplus","Mplus DSEM Default","tau_sqr[1,1]",1.2,"bayesian_near_zero",10,0,0,,
34,"fit-mplus","Mplus DSEM Default","tau_sqr[2,2]",1.1,"bayesian_near_zero",10,0,0,,
34,"fit-mplus","Mplus DSEM Default","tau_sqr[3,3]",0,"bayesian_near_zero",10,0,0,,
34,"fit-mplus","Mplus DSEM Default","tau_sqr[4,4]",0,"bayesian_near_zero",10,0,0,,
34,"fit-mplus","Mplus DSEM Default","tau_sqr[5,5]",0,"bayesian_near_zero",10,0,0,,
34,"fit-mplus","Mplus DSEM Default","tau_sqr[6,6]",0,"bayesian_near_zero",10,0,0,,
34,"fit-mplus-priors","Mplus DSEM Alternative Priors","tau_sqr[1,1]",1.2,"bayesian_near_zero",10,0,0,,
34,"fit-mplus-priors","Mplus DSEM Alternative Priors","tau_sqr[2,2]",1.1,"bayesian_near_zero",10,0,0,,
34,"fit-mplus-priors","Mplus DSEM Alternative Priors","tau_sqr[3,3]",0,"bayesian_near_zero",10,0,0,,
34,"fit-mplus-priors","Mplus DSEM Alternative Priors","tau_sqr[4,4]",0,"bayesian_near_zero",10,0,0,,
34,"fit-mplus-priors","Mplus DSEM Alternative Priors","tau_sqr[5,5]",0,"bayesian_near_zero",10,0,0,,
34,"fit-mplus-priors","Mplus DSEM Alternative Priors","tau_sqr[6,6]",0,"bayesian_near_zero",10,0,0,,
34,"fit-naive","Uncertainty-Uncorrected","tau_sqr[1,1]",1.2,"ml_boundary",6,0,0,0,0
34,"fit-naive","Uncertainty-Uncorrected","tau_sqr[2,2]",1.1,"ml_boundary",6,0,0,0,0
34,"fit-naive","Uncertainty-Uncorrected","tau_sqr[3,3]",0,"ml_boundary",6,0,0,0,0
34,"fit-naive","Uncertainty-Uncorrected","tau_sqr[4,4]",0,"ml_boundary",6,1,0,1,0
34,"fit-naive","Uncertainty-Uncorrected","tau_sqr[5,5]",0,"ml_boundary",6,1,0,1,0
34,"fit-naive","Uncertainty-Uncorrected","tau_sqr[6,6]",0,"ml_boundary",6,0,0,0,0
35,"fit-meta-var-mx","MetaVAR","tau_sqr[1,1]",1.2,"ml_boundary",10,0,0,0,0
35,"fit-meta-var-mx","MetaVAR","tau_sqr[2,2]",1.1,"ml_boundary",10,0,0,0,0
35,"fit-meta-var-mx","MetaVAR","tau_sqr[3,3]",0,"ml_boundary",10,0,0,0,0
35,"fit-meta-var-mx","MetaVAR","tau_sqr[4,4]",0,"ml_boundary",10,0,0,0,0
35,"fit-meta-var-mx","MetaVAR","tau_sqr[5,5]",0,"ml_boundary",10,0,0,0,0
35,"fit-meta-var-mx","MetaVAR","tau_sqr[6,6]",0,"ml_boundary",10,0.1,0.0948683298050514,0.1,0.0948683298050514
35,"fit-mplus","Mplus DSEM Default","tau_sqr[1,1]",1.2,"bayesian_near_zero",10,0,0,,
35,"fit-mplus","Mplus DSEM Default","tau_sqr[2,2]",1.1,"bayesian_near_zero",10,0,0,,
35,"fit-mplus","Mplus DSEM Default","tau_sqr[3,3]",0,"bayesian_near_zero",10,0,0,,
35,"fit-mplus","Mplus DSEM Default","tau_sqr[4,4]",0,"bayesian_near_zero",10,0,0,,
35,"fit-mplus","Mplus DSEM Default","tau_sqr[5,5]",0,"bayesian_near_zero",10,0,0,,
35,"fit-mplus","Mplus DSEM Default","tau_sqr[6,6]",0,"bayesian_near_zero",10,0,0,,
35,"fit-mplus-priors","Mplus DSEM Alternative Priors","tau_sqr[1,1]",1.2,"bayesian_near_zero",10,0,0,,
35,"fit-mplus-priors","Mplus DSEM Alternative Priors","tau_sqr[2,2]",1.1,"bayesian_near_zero",10,0,0,,
35,"fit-mplus-priors","Mplus DSEM Alternative Priors","tau_sqr[3,3]",0,"bayesian_near_zero",10,0,0,,
35,"fit-mplus-priors","Mplus DSEM Alternative Priors","tau_sqr[4,4]",0,"bayesian_near_zero",10,0,0,,
35,"fit-mplus-priors","Mplus DSEM Alternative Priors","tau_sqr[5,5]",0,"bayesian_near_zero",10,0,0,,
35,"fit-mplus-priors","Mplus DSEM Alternative Priors","tau_sqr[6,6]",0,"bayesian_near_zero",10,0,0,,
35,"fit-naive","Uncertainty-Uncorrected","tau_sqr[1,1]",1.2,"ml_boundary",8,0,0,0,0
35,"fit-naive","Uncertainty-Uncorrected","tau_sqr[2,2]",1.1,"ml_boundary",8,0,0,0,0
35,"fit-naive","Uncertainty-Uncorrected","tau_sqr[3,3]",0,"ml_boundary",8,0,0,0,0
35,"fit-naive","Uncertainty-Uncorrected","tau_sqr[4,4]",0,"ml_boundary",8,1,0,1,0
35,"fit-naive","Uncertainty-Uncorrected","tau_sqr[5,5]",0,"ml_boundary",8,1,0,1,0
35,"fit-naive","Uncertainty-Uncorrected","tau_sqr[6,6]",0,"ml_boundary",8,0,0,0,0
36,"fit-meta-var-mx","MetaVAR","tau_sqr[1,1]",1.2,"ml_boundary",10,0,0,0,0
36,"fit-meta-var-mx","MetaVAR","tau_sqr[2,2]",1.1,"ml_boundary",10,0,0,0,0
36,"fit-meta-var-mx","MetaVAR","tau_sqr[3,3]",0,"ml_boundary",10,0,0,0,0
36,"fit-meta-var-mx","MetaVAR","tau_sqr[4,4]",0,"ml_boundary",10,0,0,0,0
36,"fit-meta-var-mx","MetaVAR","tau_sqr[5,5]",0,"ml_boundary",10,0,0,0,0
36,"fit-meta-var-mx","MetaVAR","tau_sqr[6,6]",0,"ml_boundary",10,0,0,0,0
36,"fit-mplus","Mplus DSEM Default","tau_sqr[1,1]",1.2,"bayesian_near_zero",10,0,0,,
36,"fit-mplus","Mplus DSEM Default","tau_sqr[2,2]",1.1,"bayesian_near_zero",10,0,0,,
36,"fit-mplus","Mplus DSEM Default","tau_sqr[3,3]",0,"bayesian_near_zero",10,0,0,,
36,"fit-mplus","Mplus DSEM Default","tau_sqr[4,4]",0,"bayesian_near_zero",10,0,0,,
36,"fit-mplus","Mplus DSEM Default","tau_sqr[5,5]",0,"bayesian_near_zero",10,0,0,,
36,"fit-mplus","Mplus DSEM Default","tau_sqr[6,6]",0,"bayesian_near_zero",10,0,0,,
36,"fit-mplus-priors","Mplus DSEM Alternative Priors","tau_sqr[1,1]",1.2,"bayesian_near_zero",10,0,0,,
36,"fit-mplus-priors","Mplus DSEM Alternative Priors","tau_sqr[2,2]",1.1,"bayesian_near_zero",10,0,0,,
36,"fit-mplus-priors","Mplus DSEM Alternative Priors","tau_sqr[3,3]",0,"bayesian_near_zero",10,0,0,,
36,"fit-mplus-priors","Mplus DSEM Alternative Priors","tau_sqr[4,4]",0,"bayesian_near_zero",10,0,0,,
36,"fit-mplus-priors","Mplus DSEM Alternative Priors","tau_sqr[5,5]",0,"bayesian_near_zero",10,0,0,,
36,"fit-mplus-priors","Mplus DSEM Alternative Priors","tau_sqr[6,6]",0,"bayesian_near_zero",10,0,0,,
36,"fit-naive","Uncertainty-Uncorrected","tau_sqr[1,1]",1.2,"ml_boundary",9,0,0,0,0
36,"fit-naive","Uncertainty-Uncorrected","tau_sqr[2,2]",1.1,"ml_boundary",9,0,0,0,0
36,"fit-naive","Uncertainty-Uncorrected","tau_sqr[3,3]",0,"ml_boundary",9,0,0,0,0
36,"fit-naive","Uncertainty-Uncorrected","tau_sqr[4,4]",0,"ml_boundary",9,1,0,1,0
36,"fit-naive","Uncertainty-Uncorrected","tau_sqr[5,5]",0,"ml_boundary",9,1,0,1,0
36,"fit-naive","Uncertainty-Uncorrected","tau_sqr[6,6]",0,"ml_boundary",9,0,0,0,0
