"taskid","replications","replications_used","parnames","method","default_priors","n","time","mean","median","sd","ll","ul","rhat","ess_bulk","ess_tail","mcse_mean","mcse_median","mcse_ll","mcse_ul","summary_output_type"
9,10,9,"psi[1,1]","BMLVAR",TRUE,200,200,0.996033284666667,0.995995555555556,0.00714198936652621,0.982143222222222,1.01011019444444,1.00001408024673,37169.636648146,38716.7226777444,3.70519806104756e-05,4.55555555555456e-05,8.77777777777669e-05,9.77777777777954e-05,"summary-fit-mplus-k4-diagnostics"
9,10,9,"psi[2,1]","BMLVAR",TRUE,200,200,0.203531789333333,0.203516666666667,0.00516657566267988,0.19341325,0.213698916666667,1.0000418778124,37779.3937026237,39159.7493605267,2.6585771823138e-05,3.11111111111083e-05,7.11111111111144e-05,7.16666666666674e-05,"summary-fit-mplus-k4-diagnostics"
9,10,9,"psi[2,2]","BMLVAR",TRUE,200,200,1.00484246177778,1.00479555555556,0.00721939449344791,0.990826583333333,1.01913447222222,1.00001392041842,37511.8062210331,38761.4396543521,3.72769620063705e-05,4.777777777777e-05,9.66666666666708e-05,9.83333333333607e-05,"summary-fit-mplus-k4-diagnostics"
9,10,9,"psi[3,1]","BMLVAR",TRUE,200,200,0.198916119722222,0.198904444444444,0.00515892131295614,0.1888555,0.209091194444444,1.00003989492444,37375.5023291022,38888.8474519882,2.66876900809622e-05,3.2222222222219e-05,6.99999999999975e-05,7.00000000000006e-05,"summary-fit-mplus-k4-diagnostics"
9,10,9,"psi[3,2]","BMLVAR",TRUE,200,200,0.201373468555556,0.201363333333333,0.0051943424950797,0.191182138888889,0.21159225,1.00003291242688,37751.8273257976,38553.5940082168,2.67390438877434e-05,3.38888888888889e-05,7.44444444444433e-05,6.94444444444445e-05,"summary-fit-mplus-k4-diagnostics"
9,10,9,"psi[3,3]","BMLVAR",TRUE,200,200,1.00314262613889,1.00310666666667,0.00718998864470515,0.989134333333333,1.01730344444444,1.00005500202105,37061.0207145843,38720.8926332482,3.73567150658199e-05,4.72222222222355e-05,9.55555555555463e-05,0.000101111111111095,"summary-fit-mplus-k4-diagnostics"
9,10,9,"psi[4,1]","BMLVAR",TRUE,200,200,0.200386328972222,0.200367777777778,0.00513957322418617,0.190345527777778,0.210500027777778,1.00005052306894,37665.4370321109,38688.9876553348,2.6484717104261e-05,3.1666666666666e-05,7.55555555555556e-05,6.9444444444446e-05,"summary-fit-mplus-k4-diagnostics"
9,10,9,"psi[4,2]","BMLVAR",TRUE,200,200,0.199046254472222,0.199033333333333,0.00517017613508109,0.188947694444444,0.209182305555556,1.00006068160935,37167.8536080736,38462.9586230522,2.68204285999072e-05,3.33333333333343e-05,7.16666666666643e-05,7.00000000000037e-05,"summary-fit-mplus-k4-diagnostics"
9,10,9,"psi[4,3]","BMLVAR",TRUE,200,200,0.202583977916667,0.202572222222222,0.0051667477958626,0.192474361111111,0.212703388888889,1.00000083197728,37456.4454469415,38511.9596545255,2.66987933931792e-05,3.22222222222174e-05,6.72222222222216e-05,7.38888888888903e-05,"summary-fit-mplus-k4-diagnostics"
9,10,9,"psi[4,4]","BMLVAR",TRUE,200,200,0.997831012972222,0.997807777777778,0.00714313911086738,0.983899944444444,1.01192336111111,1.00002398028149,37348.5681966018,38541.0293781958,3.696453452958e-05,4.55555555555641e-05,0.000100000000000001,9.55555555555401e-05,"summary-fit-mplus-k4-diagnostics"
9,10,9,"mean(beta[1,1])","BMLVAR",TRUE,200,200,0.395034514527778,0.395063333333333,0.0119974171636848,0.371444222222222,0.418506833333333,1.00003292085535,28531.752322325,35282.3724366485,7.10146707126703e-05,8.38888888888895e-05,0.000166666666666664,0.000176666666666668,"summary-fit-mplus-k4-diagnostics"
9,10,9,"mean(beta[2,1])","BMLVAR",TRUE,200,200,0.0475167677222222,0.0475055555555556,0.0121738355108338,0.0236154444444444,0.0714200833333333,1.00002729084824,29188.1264892515,35249.1691352761,7.12405214547877e-05,8.61111111111107e-05,0.000183888888888889,0.000167777777777777,"summary-fit-mplus-k4-diagnostics"
9,10,9,"mean(beta[3,1])","BMLVAR",TRUE,200,200,0.130301884888889,0.130310555555556,0.0122340540460098,0.106270916666667,0.154275666666667,1.00005233446738,29239.2555003484,35785.2850270966,7.15300222175096e-05,8.72222222222231e-05,0.000169444444444446,0.000179444444444442,"summary-fit-mplus-k4-diagnostics"
9,10,9,"mean(beta[4,1])","BMLVAR",TRUE,200,200,0.183270189583333,0.183267222222222,0.0120868998713378,0.159653194444444,0.207061222222222,1.00005098599843,29102.2092891001,35993.5741334722,7.08316568474352e-05,8.22222222222227e-05,0.000178888888888886,0.000175555555555557,"summary-fit-mplus-k4-diagnostics"
9,10,9,"mean(beta[1,2])","BMLVAR",TRUE,200,200,0.131375154777778,0.131394444444444,0.0119082911377535,0.108002027777778,0.154675611111111,1.0000264441759,28507.9418455073,35603.6345614591,7.05327703902908e-05,8.16666666666651e-05,0.000173888888888889,0.000177222222222224,"summary-fit-mplus-k4-diagnostics"
9,10,9,"mean(beta[2,2])","BMLVAR",TRUE,200,200,0.290099269694444,0.290128333333333,0.0121066526160811,0.266207694444444,0.313786722222222,1.00002245400471,28395.2760075529,35807.6142108419,7.18469613020907e-05,8.33333333333334e-05,0.000181666666666668,0.000178888888888892,"summary-fit-mplus-k4-diagnostics"
9,10,9,"mean(beta[3,2])","BMLVAR",TRUE,200,200,0.116161467055556,0.116153333333333,0.0124279773522077,0.0918431666666667,0.140540083333333,1.00002116072687,29256.794194225,35331.3940876758,7.26471570429555e-05,9.00000000000006e-05,0.000166666666666667,0.000174444444444445,"summary-fit-mplus-k4-diagnostics"
9,10,9,"mean(beta[4,2])","BMLVAR",TRUE,200,200,0.187914120972222,0.187925555555556,0.0122943634130768,0.163783194444444,0.212098972222222,1.00005064875303,28756.7387932669,35524.3653027559,7.24736816714963e-05,8.50000000000002e-05,0.000181111111111112,0.000177222222222224,"summary-fit-mplus-k4-diagnostics"
9,10,9,"mean(beta[1,3])","BMLVAR",TRUE,200,200,0.117780208694444,0.117794444444444,0.0120182026032581,0.0942332222222222,0.141344555555556,1.00004906869591,28181.2431748016,35230.2568881592,7.15452571580786e-05,8.61111111111101e-05,0.000175,0.00017111111111111,"summary-fit-mplus-k4-diagnostics"
9,10,9,"mean(beta[2,3])","BMLVAR",TRUE,200,200,0.148327796444444,0.148305555555556,0.0122007437056013,0.124422138888889,0.17230125,1.0000372169974,27828.6246813963,35344.5094204689,7.3137918428132e-05,8.83333333333338e-05,0.000175000000000002,0.000180555555555557,"summary-fit-mplus-k4-diagnostics"
9,10,9,"mean(beta[3,3])","BMLVAR",TRUE,200,200,0.298090685305556,0.298112222222222,0.0123082491338895,0.273908611111111,0.322176888888889,1.00002590160817,28508.9268216708,35607.3348844725,7.28973566852308e-05,8.94444444444475e-05,0.000189444444444443,0.000173333333333337,"summary-fit-mplus-k4-diagnostics"
9,10,9,"mean(beta[4,3])","BMLVAR",TRUE,200,200,0.13114848475,0.131146666666667,0.0116332145775002,0.108376527777778,0.154014472222222,1.00007234743628,27346.84044026,34845.9313688938,7.03354901621807e-05,8.44444444444433e-05,0.000163888888888888,0.000172777777777778,"summary-fit-mplus-k4-diagnostics"
9,10,9,"mean(beta[1,4])","BMLVAR",TRUE,200,200,0.05927936225,0.0592855555555556,0.0122938893379088,0.0351131944444444,0.0833913055555556,1.00000346960068,29724.4925454594,36125.7686511005,7.13124038819497e-05,8.44444444444441e-05,0.000186111111111111,0.000171666666666667,"summary-fit-mplus-k4-diagnostics"
9,10,9,"mean(beta[2,4])","BMLVAR",TRUE,200,200,0.183092626305556,0.183087777777778,0.0118499030152521,0.1598355,0.206323416666667,1.00008746377308,29232.1579418443,35855.9093662878,6.92929795226003e-05,8.22222222222212e-05,0.000154444444444448,0.000168888888888885,"summary-fit-mplus-k4-diagnostics"
9,10,9,"mean(beta[3,4])","BMLVAR",TRUE,200,200,0.0803485985555556,0.0803405555555556,0.0119757746153435,0.0568676666666667,0.103839055555556,1.00002439750542,29983.8792848261,35707.7201830797,6.91455561092018e-05,8.05555555555548e-05,0.000176111111111111,0.000167222222222221,"summary-fit-mplus-k4-diagnostics"
9,10,9,"mean(beta[4,4])","BMLVAR",TRUE,200,200,0.394282927888889,0.394299444444444,0.0119705785552207,0.370723222222222,0.417709055555556,1.00001579503051,29268.3403993282,36040.7439451813,6.99749702535991e-05,8.22222222222274e-05,0.000169444444444441,0.00017111111111111,"summary-fit-mplus-k4-diagnostics"
9,10,9,"mean(mu[1,1])","BMLVAR",TRUE,200,200,-0.00851459708333333,-0.00853333333333333,0.0158676080193085,-0.0395946388888889,0.0226390555555556,1.00011977194988,9058.10465353208,18825.2139189261,0.000166949167872957,0.000176666666666666,0.000302222222222222,0.000281666666666667,"summary-fit-mplus-k4-diagnostics"
9,10,9,"mean(mu[2,1])","BMLVAR",TRUE,200,200,-0.00309240288888889,-0.00307388888888889,0.0155938159547252,-0.0337745555555556,0.0275113055555556,1.0001800953837,9150.51332106396,19159.3609768687,0.000163109854786467,0.000180555555555556,0.000274444444444445,0.000273333333333334,"summary-fit-mplus-k4-diagnostics"
9,10,9,"mean(mu[3,1])","BMLVAR",TRUE,200,200,0.00311707913888889,0.00308333333333333,0.0159116206954815,-0.0280180277777778,0.0343079444444445,1.00015690552564,11114.4843581807,21965.9271074014,0.000151331669355134,0.000163333333333333,0.000274444444444444,0.000256111111111111,"summary-fit-mplus-k4-diagnostics"
9,10,9,"mean(mu[4,1])","BMLVAR",TRUE,200,200,0.0106543638611111,0.0106666666666667,0.0171546879958891,-0.0231068055555556,0.0442780277777778,1.00023611342173,7204.60191298184,15114.0605629918,0.000202687586425798,0.000219444444444445,0.000356111111111111,0.00035,"summary-fit-mplus-k4-diagnostics"
9,10,9,"cov(beta[1,1],beta[1,1])","BMLVAR",TRUE,200,200,0.0244394268611111,0.0242477777777778,0.0028814353016114,0.01934775,0.0306322777777778,1.0000848761652,22966.3679694525,31797.422384221,1.89188907605417e-05,2.11111111111112e-05,3.16666666666666e-05,5.1111111111111e-05,"summary-fit-mplus-k4-diagnostics"
9,10,9,"cov(beta[2,1],beta[2,1])","BMLVAR",TRUE,200,200,0.0252994227222222,0.0250988888888889,0.00299542373513309,0.0200166388888889,0.0317478888888889,1.00009935207445,22765.3567312131,31553.1623659359,1.97708806998883e-05,2.22222222222217e-05,3.3888888888889e-05,5.72222222222226e-05,"summary-fit-mplus-k4-diagnostics"
9,10,9,"cov(beta[3,1],beta[3,1])","BMLVAR",TRUE,200,200,0.0255644049722222,0.0253644444444444,0.00303711004425519,0.0201966111111111,0.0320867222222222,1.00007086986534,22657.7066301742,31425.4209338298,2.00733203183225e-05,2.33333333333332e-05,3.55555555555555e-05,5.50000000000007e-05,"summary-fit-mplus-k4-diagnostics"
9,10,9,"cov(beta[4,1],beta[4,1])","BMLVAR",TRUE,200,200,0.0250376488055556,0.0248277777777778,0.00297497629479522,0.0197910833333333,0.0314289166666667,1.0000194775972,22494.8175841473,31499.1040511173,1.97149463064199e-05,2.27777777777778e-05,3.05555555555559e-05,5.66666666666671e-05,"summary-fit-mplus-k4-diagnostics"
9,10,9,"cov(beta[1,2],beta[1,2])","BMLVAR",TRUE,200,200,0.0238922758055556,0.0237061111111111,0.00288089791159179,0.0188022222222222,0.0300856111111111,1.00002231745064,21510.8921374727,30669.8346820655,1.95490987471658e-05,2.22222222222223e-05,3.22222222222226e-05,5.2222222222222e-05,"summary-fit-mplus-k4-diagnostics"
9,10,9,"cov(beta[2,2],beta[2,2])","BMLVAR",TRUE,200,200,0.0246706931944444,0.0244722222222222,0.00292755295415821,0.0194988888888889,0.0309600277777778,1.00003943484615,22634.1275740799,31026.3114538064,1.9342702887987e-05,2.2777777777778e-05,3.55555555555556e-05,5.38888888888888e-05,"summary-fit-mplus-k4-diagnostics"
9,10,9,"cov(beta[3,2],beta[3,2])","BMLVAR",TRUE,200,200,0.0263962443888889,0.0261866666666667,0.0031392400201688,0.0208577222222222,0.0331533333333333,1.00004821852693,22622.8616551124,31919.5556518754,2.07717524497284e-05,2.4444444444444e-05,3.55555555555555e-05,6.27777777777779e-05,"summary-fit-mplus-k4-diagnostics"
9,10,9,"cov(beta[4,2],beta[4,2])","BMLVAR",TRUE,200,200,0.0258637297777778,0.0256588888888889,0.00307259728581257,0.0204287777777778,0.0324733611111111,1.00003474419051,22304.681866797,31301.0393184801,2.04188316441103e-05,2.44444444444446e-05,3.33333333333335e-05,5.44444444444442e-05,"summary-fit-mplus-k4-diagnostics"
9,10,9,"cov(beta[1,3],beta[1,3])","BMLVAR",TRUE,200,200,0.0245503709722222,0.0243494444444444,0.00295191165033627,0.0193443888888889,0.0309056111111111,1.00006216782489,21768.3021568896,30966.6062909756,1.98436923088658e-05,2.2777777777778e-05,3.5e-05,5.61111111111108e-05,"summary-fit-mplus-k4-diagnostics"
9,10,9,"cov(beta[2,3],beta[2,3])","BMLVAR",TRUE,200,200,0.0251136336388889,0.0249133333333333,0.00301140258360559,0.0198044444444444,0.0315667222222222,1.00000599993503,21559.3647433717,30919.8957803416,2.04137213684324e-05,2.16666666666666e-05,3.55555555555556e-05,5.16666666666669e-05,"summary-fit-mplus-k4-diagnostics"
9,10,9,"cov(beta[3,3],beta[3,3])","BMLVAR",TRUE,200,200,0.0256091083888889,0.0253977777777778,0.00304445772130652,0.0202366666666667,0.0321588888888889,1.00003705250148,22059.4944605907,30972.8041592961,2.03956464109815e-05,2.38888888888893e-05,3.3888888888889e-05,5.61111111111117e-05,"summary-fit-mplus-k4-diagnostics"
9,10,9,"cov(beta[4,3],beta[4,3])","BMLVAR",TRUE,200,200,0.0224348906944444,0.0222511111111111,0.00273589631712795,0.0176088611111111,0.0283066666666667,1.00002196515071,20376.1132881299,29570.3617854662,1.90857233239678e-05,2.22222222222227e-05,3.05555555555556e-05,5.05555555555554e-05,"summary-fit-mplus-k4-diagnostics"
9,10,9,"cov(beta[1,4],beta[1,4])","BMLVAR",TRUE,200,200,0.0263062202777778,0.0261,0.00307349980145126,0.0208722222222222,0.0328977777777778,1.00002927131767,23578.2751205881,32340.7090086641,1.99479728003374e-05,2.38888888888889e-05,3.55555555555556e-05,6.05555555555552e-05,"summary-fit-mplus-k4-diagnostics"
9,10,9,"cov(beta[2,4],beta[2,4])","BMLVAR",TRUE,200,200,0.0241379746944444,0.0239466666666667,0.00284083096030229,0.0191166666666667,0.03023225,1.00006121262731,22788.786642804,31762.3075518051,1.87162284592574e-05,2.11111111111116e-05,3.16666666666663e-05,5.66666666666665e-05,"summary-fit-mplus-k4-diagnostics"
9,10,9,"cov(beta[3,4],beta[3,4])","BMLVAR",TRUE,200,200,0.0248618603888889,0.0246661111111111,0.00292595526464022,0.0196911111111111,0.0311488888888889,1.00006881913514,23181.641174881,31911.1554150441,1.91124436198425e-05,2.22222222222227e-05,3.11111111111113e-05,5.49999999999999e-05,"summary-fit-mplus-k4-diagnostics"
9,10,9,"cov(beta[4,4],beta[4,4])","BMLVAR",TRUE,200,200,0.0245938444166667,0.0243966666666667,0.00287296595661194,0.0195177777777778,0.0307655833333333,1.00002790297288,23676.2927447469,32178.1364881546,1.85999033234771e-05,2.16666666666666e-05,3.22222222222219e-05,5.3888888888889e-05,"summary-fit-mplus-k4-diagnostics"
9,10,9,"cov(mu[1,1],mu[1,1])","BMLVAR",TRUE,200,200,0.0252679976944444,0.0249766666666667,0.00415275625528956,0.0179744166666667,0.0342389166666667,1.0002722569706,8694.91301564646,14825.9052650567,4.41177657594982e-05,4.61111111111114e-05,6.77777777777778e-05,9.11111111111113e-05,"summary-fit-mplus-k4-diagnostics"
9,10,9,"cov(mu[2,1],mu[2,1])","BMLVAR",TRUE,200,200,0.0253916376944444,0.0251233333333333,0.00393564897628044,0.0184566388888889,0.0338456944444444,1.00010200930299,9929.49392278752,17093.2480948409,3.91980803675207e-05,4.11111111111112e-05,5.83333333333333e-05,8.72222222222218e-05,"summary-fit-mplus-k4-diagnostics"
9,10,9,"cov(mu[3,1],mu[3,1])","BMLVAR",TRUE,200,200,0.0297363160277778,0.0294366666666667,0.00434623307028436,0.0220755555555556,0.0390789166666667,1.00016116068644,11891.1946229693,20372.8689352517,3.96960776141239e-05,4.2777777777778e-05,5.38888888888892e-05,9.22222222222219e-05,"summary-fit-mplus-k4-diagnostics"
9,10,9,"cov(mu[4,1],mu[4,1])","BMLVAR",TRUE,200,200,0.0242421493333333,0.0239338888888889,0.00440681284711211,0.01648775,0.0337300277777778,1.00028803607935,6778.98813238058,11795.5482082108,5.33324524289502e-05,5.77777777777776e-05,7.8333333333333e-05,0.000116111111111111,"summary-fit-mplus-k4-diagnostics"
9,10,9,"psi[1,1]","BMLVAR",FALSE,200,200,0.995460539305556,0.995427222222222,0.00713781538497402,0.9815765,1.00957005555556,1.00002699334971,37681.5939390261,38433.3573394,3.6773422108063e-05,4.77777777777762e-05,9.49999999999994e-05,0.00010166666666666,"summary-fit-mplus-k4-priors-diagnostics"
9,10,9,"psi[2,1]","BMLVAR",FALSE,200,200,0.203142909361111,0.203135,0.00517234606550312,0.193024416666667,0.2133445,1.00001070246703,37543.8925366955,38665.2839880278,2.66991448096428e-05,3.22222222222236e-05,7.27777777777765e-05,6.9444444444443e-05,"summary-fit-mplus-k4-priors-diagnostics"
9,10,9,"psi[2,2]","BMLVAR",FALSE,200,200,1.00481823583333,1.00480222222222,0.00720492737144014,0.990781055555556,1.01904452777778,1.00001532797448,37144.253268981,39032.6109816151,3.73957701870718e-05,4.66666666666578e-05,9.05555555555505e-05,0.000100555555555561,"summary-fit-mplus-k4-priors-diagnostics"
9,10,9,"psi[3,1]","BMLVAR",FALSE,200,200,0.199790649194444,0.199776666666667,0.00516539831187961,0.189701083333333,0.209938944444444,1.00001978739865,37540.0604300839,38450.9477074989,2.6662960647143e-05,3.38888888888858e-05,6.6666666666667e-05,7.22222222222235e-05,"summary-fit-mplus-k4-priors-diagnostics"
9,10,9,"psi[3,2]","BMLVAR",FALSE,200,200,0.200775354222222,0.200765555555556,0.00517903488749485,0.190673222222222,0.210957833333333,1.00004754551763,37531.6960190503,38290.0715027693,2.67402472398312e-05,3.22222222222236e-05,6.66666666666655e-05,7.55555555555571e-05,"summary-fit-mplus-k4-priors-diagnostics"
9,10,9,"psi[3,3]","BMLVAR",FALSE,200,200,1.00188691644444,1.00184555555556,0.00717935634612319,0.987944388888889,1.01602338888889,1.00003778573469,37668.9308258304,38975.3282002743,3.69941284286375e-05,4.83333333333292e-05,9.88888888888829e-05,0.000103333333333332,"summary-fit-mplus-k4-priors-diagnostics"
9,10,9,"psi[4,1]","BMLVAR",FALSE,200,200,0.201347109666667,0.20136,0.00515047150179604,0.191268833333333,0.21145675,1.00002347360756,37679.1559913812,38948.6782115031,2.65332632409258e-05,3.27777777777782e-05,7.38888888888857e-05,7.11111111111128e-05,"summary-fit-mplus-k4-priors-diagnostics"
9,10,9,"psi[4,2]","BMLVAR",FALSE,200,200,0.199759510416667,0.199757222222222,0.00517046895782204,0.189658861111111,0.209892277777778,1.00004766857477,37310.4601854457,38398.2689964094,2.67728382205256e-05,3.27777777777736e-05,7.00000000000006e-05,6.77777777777777e-05,"summary-fit-mplus-k4-priors-diagnostics"
9,10,9,"psi[4,3]","BMLVAR",FALSE,200,200,0.201421910888889,0.201412222222222,0.00516674739640666,0.191324388888889,0.211562277777778,1.00001493072024,37503.5904441651,38803.0297301742,2.66818310608687e-05,3.33333333333297e-05,7.00000000000022e-05,7.2222222222222e-05,"summary-fit-mplus-k4-priors-diagnostics"
9,10,9,"psi[4,4]","BMLVAR",FALSE,200,200,0.998414433722222,0.998371111111111,0.00716347844174142,0.984516583333333,1.01257783333333,1.00000841559584,37023.6293196159,38469.9397112595,3.72350005281811e-05,4.66666666666578e-05,9.88888888888891e-05,9.72222222222177e-05,"summary-fit-mplus-k4-priors-diagnostics"
9,10,9,"mean(beta[1,1])","BMLVAR",FALSE,200,200,0.393420710444444,0.393449444444444,0.0118109231612036,0.370165444444444,0.416486833333333,1.00006520535133,28200.3281681542,35320.5114728428,7.03213248474185e-05,8.44444444444395e-05,0.000173888888888893,0.000160555555555559,"summary-fit-mplus-k4-priors-diagnostics"
9,10,9,"mean(beta[2,1])","BMLVAR",FALSE,200,200,0.0505832732777778,0.0505633333333333,0.0119894571027898,0.0270521388888889,0.0741511944444445,1.00002656449796,28691.2443755312,35186.7432582869,7.07793530838213e-05,8.33333333333332e-05,0.000182777777777778,0.000175555555555556,"summary-fit-mplus-k4-priors-diagnostics"
9,10,9,"mean(beta[3,1])","BMLVAR",FALSE,200,200,0.12986755375,0.129878333333333,0.0120821546449794,0.106227722222222,0.153585777777778,1.00002442802378,29149.7742292497,35857.2892336272,7.07647359278478e-05,8.33333333333349e-05,0.00017111111111111,0.000168333333333332,"summary-fit-mplus-k4-priors-diagnostics"
9,10,9,"mean(beta[4,1])","BMLVAR",FALSE,200,200,0.183277056833333,0.183274444444444,0.0119455109563353,0.15982875,0.20678225,1.00005021943911,28736.5240346592,35512.2808332731,7.04364444603778e-05,8.55555555555563e-05,0.000166666666666662,0.000175555555555555,"summary-fit-mplus-k4-priors-diagnostics"
9,10,9,"mean(beta[1,2])","BMLVAR",FALSE,200,200,0.132891250527778,0.132883888888889,0.0117053433611953,0.109968694444444,0.155845694444444,1.00001639359875,28136.1395153373,35141.6538280167,6.97777225589076e-05,8.16666666666697e-05,0.000160555555555554,0.000175000000000002,"summary-fit-mplus-k4-priors-diagnostics"
9,10,9,"mean(beta[2,2])","BMLVAR",FALSE,200,200,0.293029731305556,0.293063888888889,0.0119995351642614,0.269408722222222,0.316517888888889,1.00007732987801,28238.5077760128,35466.1791291375,7.14048800720284e-05,8.49999999999956e-05,0.000164444444444439,0.000166111111111108,"summary-fit-mplus-k4-priors-diagnostics"
9,10,9,"mean(beta[3,2])","BMLVAR",FALSE,200,200,0.116979099805556,0.116951666666667,0.0122998809392375,0.092851,0.141106777777778,1.00003598454114,28853.4177274063,35550.7106824756,7.24110328635229e-05,8.6666666666667e-05,0.00018,0.000173333333333332,"summary-fit-mplus-k4-priors-diagnostics"
9,10,9,"mean(beta[4,2])","BMLVAR",FALSE,200,200,0.186330595083333,0.186324444444444,0.0119725054522017,0.162800972222222,0.209754472222222,1.00005306957281,28726.1287288424,35969.1561455194,7.06203494899644e-05,8.49999999999987e-05,0.000170000000000005,0.00016111111111111,"summary-fit-mplus-k4-priors-diagnostics"
9,10,9,"mean(beta[1,3])","BMLVAR",FALSE,200,200,0.120219923555556,0.120233888888889,0.0121867915277832,0.09630875,0.144106833333333,1.00006030860905,28367.3075109625,35575.6719708255,7.22891491168259e-05,8.61111111111124e-05,0.000167777777777777,0.000171666666666668,"summary-fit-mplus-k4-priors-diagnostics"
9,10,9,"mean(beta[2,3])","BMLVAR",FALSE,200,200,0.147153192194444,0.147128888888889,0.0120261168866411,0.123577555555556,0.17079125,1.00004702188866,28382.6316531826,35404.6127753665,7.13673080556564e-05,8.33333333333349e-05,0.00017611111111111,0.000188333333333334,"summary-fit-mplus-k4-priors-diagnostics"
9,10,9,"mean(beta[3,3])","BMLVAR",FALSE,200,200,0.295354103833333,0.295387777777778,0.0119496146052348,0.271872083333333,0.318721194444444,1.00004688152053,28050.7220751327,35448.1999581187,7.13250915230766e-05,8.44444444444425e-05,0.000180555555555551,0.000167222222222223,"summary-fit-mplus-k4-priors-diagnostics"
9,10,9,"mean(beta[4,3])","BMLVAR",FALSE,200,200,0.130879333944444,0.130837777777778,0.0116919129893575,0.107995416666667,0.153865777777778,1.00002857215065,27816.6978950042,35105.5281483723,7.00945187750715e-05,7.99999999999983e-05,0.000169444444444444,0.000172777777777775,"summary-fit-mplus-k4-priors-diagnostics"
9,10,9,"mean(beta[1,4])","BMLVAR",FALSE,200,200,0.0594175605277778,0.0594444444444444,0.0121961635088304,0.0354432777777778,0.0834068888888889,1.00002339601939,29355.9748590485,35654.0623088969,7.11698331563077e-05,8.77777777777761e-05,0.000176111111111112,0.000178333333333333,"summary-fit-mplus-k4-priors-diagnostics"
9,10,9,"mean(beta[2,4])","BMLVAR",FALSE,200,200,0.182971231694444,0.182965555555556,0.0115426083738033,0.160304305555556,0.205612416666667,1.00004373103208,28882.2648725011,35819.709855058,6.79119741210085e-05,8.16666666666666e-05,0.000168333333333332,0.00016111111111111,"summary-fit-mplus-k4-priors-diagnostics"
9,10,9,"mean(beta[3,4])","BMLVAR",FALSE,200,200,0.0788105820277778,0.07879,0.0119185333257584,0.0554098333333333,0.102185638888889,1.00005188323429,29388.5741120434,35731.0934213596,6.95157265508271e-05,8.27777777777769e-05,0.000170555555555555,0.000171666666666667,"summary-fit-mplus-k4-priors-diagnostics"
9,10,9,"mean(beta[4,4])","BMLVAR",FALSE,200,200,0.394450756361111,0.394448888888889,0.0118685184165673,0.371176527777778,0.417622333333333,1.00003533164052,29232.7396742918,35312.5592977415,6.94100391205673e-05,8.27777777777804e-05,0.000157777777777775,0.00016333333333333,"summary-fit-mplus-k4-priors-diagnostics"
9,10,9,"mean(mu[1,1])","BMLVAR",FALSE,200,200,-0.00859125288888889,-0.00861222222222222,0.0158396444629014,-0.0396569166666667,0.0224245833333333,1.00018534732486,9027.19012412137,18567.6717478563,0.000166902736736533,0.000178888888888889,0.000285555555555555,0.000281111111111111,"summary-fit-mplus-k4-priors-diagnostics"
9,10,9,"mean(mu[2,1])","BMLVAR",FALSE,200,200,-0.000671533138888889,-0.000664444444444445,0.0155147412791886,-0.0311779444444444,0.0298345833333333,1.00015394649499,8955.28420837594,18774.1494736213,0.000163989195963123,0.00017,0.00029,0.000274999999999999,"summary-fit-mplus-k4-priors-diagnostics"
9,10,9,"mean(mu[3,1])","BMLVAR",FALSE,200,200,0.00339533427777778,0.00338222222222222,0.0156543089566008,-0.0271869444444444,0.0341068888888889,1.0002296621427,10534.5524260614,21656.7437574221,0.000152781465389675,0.000166666666666667,0.000266666666666667,0.000245,"summary-fit-mplus-k4-priors-diagnostics"
9,10,9,"mean(mu[4,1])","BMLVAR",FALSE,200,200,0.0136619895,0.0136511111111111,0.0168614339946431,-0.0193790277777778,0.0467523611111111,1.0002507518245,6859.24519013208,14864.2500907008,0.000204224794245276,0.000215555555555556,0.000345000000000001,0.000348333333333333,"summary-fit-mplus-k4-priors-diagnostics"
9,10,9,"cov(beta[1,1],beta[1,1])","BMLVAR",FALSE,200,200,0.0236223612777778,0.02344,0.00275153731662236,0.0187721944444444,0.0295444444444444,1.00005654538174,22787.8540690477,31291.3738672367,1.81352850605464e-05,2.05555555555555e-05,3.05555555555558e-05,5.00000000000001e-05,"summary-fit-mplus-k4-priors-diagnostics"
9,10,9,"cov(beta[2,1],beta[2,1])","BMLVAR",FALSE,200,200,0.0243872788888889,0.0241988888888889,0.00286045716945751,0.01932775,0.0305422222222222,1.00006012032406,22116.8112726858,31244.0750206813,1.91210310956063e-05,2.16666666666666e-05,3.00000000000002e-05,5.8888888888889e-05,"summary-fit-mplus-k4-priors-diagnostics"
9,10,9,"cov(beta[3,1],beta[3,1])","BMLVAR",FALSE,200,200,0.0248100032222222,0.0246233333333333,0.00290897893918538,0.0196611111111111,0.0310511111111111,1.00007263953806,22602.9942329243,31306.7709575284,1.92545113766201e-05,2.16666666666662e-05,3.2222222222222e-05,5.3888888888889e-05,"summary-fit-mplus-k4-priors-diagnostics"
9,10,9,"cov(beta[4,1],beta[4,1])","BMLVAR",FALSE,200,200,0.02433216625,0.0241422222222222,0.00285549461504656,0.0192788888888889,0.0304489444444444,1.00005437107502,22502.9988428381,31398.2664081763,1.89305353636784e-05,2.22222222222219e-05,2.99999999999996e-05,5.33333333333335e-05,"summary-fit-mplus-k4-priors-diagnostics"
9,10,9,"cov(beta[1,2],beta[1,2])","BMLVAR",FALSE,200,200,0.0229808884166667,0.0228011111111111,0.00273584094364443,0.01813775,0.0288511388888889,1.00003841422492,21781.2600581661,31073.5301049451,1.84556353000799e-05,2.16666666666666e-05,2.99999999999997e-05,5.27777777777776e-05,"summary-fit-mplus-k4-priors-diagnostics"
9,10,9,"cov(beta[2,2],beta[2,2])","BMLVAR",FALSE,200,200,0.0241976057777778,0.0240144444444444,0.00283159650471008,0.0191788611111111,0.0302723055555556,1.00007629430572,22521.7240047795,31329.8374971837,1.87814790087677e-05,2.16666666666667e-05,3.05555555555559e-05,5.38888888888886e-05,"summary-fit-mplus-k4-priors-diagnostics"
9,10,9,"cov(beta[3,2],beta[3,2])","BMLVAR",FALSE,200,200,0.0258082978888889,0.0256033333333333,0.00301790235264975,0.0204732777777778,0.0322844444444444,1.00004964295227,22665.4505799909,31571.6718938731,1.99662607145039e-05,2.27777777777778e-05,3.6111111111111e-05,5.44444444444442e-05,"summary-fit-mplus-k4-priors-diagnostics"
9,10,9,"cov(beta[4,2],beta[4,2])","BMLVAR",FALSE,200,200,0.0243653008611111,0.0241711111111111,0.0028773543051118,0.0192888888888889,0.0305556388888889,1.00008167017521,21767.0409019481,31289.3888410802,1.94067002277391e-05,2.16666666666666e-05,3.38888888888887e-05,5.50000000000003e-05,"summary-fit-mplus-k4-priors-diagnostics"
9,10,9,"cov(beta[1,3],beta[1,3])","BMLVAR",FALSE,200,200,0.0252569574444444,0.0250633333333333,0.00297409622515108,0.0199811111111111,0.0316245,1.00005910913939,21778.119009522,31091.614597598,1.99885234365927e-05,2.33333333333332e-05,3.2222222222222e-05,5.66666666666665e-05,"summary-fit-mplus-k4-priors-diagnostics"
9,10,9,"cov(beta[2,3],beta[2,3])","BMLVAR",FALSE,200,200,0.0243485284444444,0.0241577777777778,0.00288269636950166,0.0192455,0.0305366666666667,1.00001714232088,21655.1109838673,30938.0049811287,1.94866985879287e-05,2.11111111111112e-05,3.27777777777776e-05,5.44444444444445e-05,"summary-fit-mplus-k4-priors-diagnostics"
9,10,9,"cov(beta[3,3],beta[3,3])","BMLVAR",FALSE,200,200,0.0239560433333333,0.0237666666666667,0.00281861387061308,0.0189688333333333,0.0300023055555556,1.00004047370343,22048.7479990962,31087.4024646305,1.88655155460957e-05,2.22222222222221e-05,3.11111111111113e-05,5.16666666666667e-05,"summary-fit-mplus-k4-priors-diagnostics"
9,10,9,"cov(beta[4,3],beta[4,3])","BMLVAR",FALSE,200,200,0.0227623750277778,0.0225866666666667,0.00272239427787575,0.0179377777777778,0.0285977777777778,1.00003700296481,20745.651482552,30114.5897887839,1.88070700979224e-05,2.22222222222227e-05,3.27777777777773e-05,5.50000000000005e-05,"summary-fit-mplus-k4-priors-diagnostics"
9,10,9,"cov(beta[1,4],beta[1,4])","BMLVAR",FALSE,200,200,0.0257972654444444,0.0255966666666667,0.00297443262043455,0.0205322222222222,0.0321756388888889,1.00003379422979,23161.0849143145,31924.8352524997,1.94218777905347e-05,2.22222222222223e-05,3.33333333333333e-05,5.61111111111111e-05,"summary-fit-mplus-k4-priors-diagnostics"
9,10,9,"cov(beta[2,4],beta[2,4])","BMLVAR",FALSE,200,200,0.0225388113055556,0.02237,0.00263660094623778,0.0178644166666667,0.028179,1.00004098932608,22517.5391877468,31377.8461739505,1.74880400068331e-05,1.94444444444442e-05,3.05555555555555e-05,4.94444444444442e-05,"summary-fit-mplus-k4-priors-diagnostics"
9,10,9,"cov(beta[3,4],beta[3,4])","BMLVAR",FALSE,200,200,0.0245715789444444,0.0243877777777778,0.00284338034126621,0.0195344444444444,0.0306811111111111,1.0000657412703,23220.2304592433,31976.5074451728,1.85730332035993e-05,2.22222222222225e-05,3.22222222222221e-05,5.16666666666667e-05,"summary-fit-mplus-k4-priors-diagnostics"
9,10,9,"cov(beta[4,4],beta[4,4])","BMLVAR",FALSE,200,200,0.0240653023333333,0.0238833333333333,0.00277095724486337,0.0191566388888889,0.0300033611111111,1.000051803827,23657.6928892048,32633.7378349188,1.79436250579006e-05,2.00000000000001e-05,2.94444444444442e-05,5.27777777777779e-05,"summary-fit-mplus-k4-priors-diagnostics"
9,10,9,"cov(mu[1,1],mu[1,1])","BMLVAR",FALSE,200,200,0.0248178388888889,0.0245355555555556,0.00401250763915661,0.0177488611111111,0.0334545,1.00020632615824,8701.92701671059,15205.6576165027,4.27113982308515e-05,4.6111111111111e-05,6.5e-05,9.72222222222225e-05,"summary-fit-mplus-k4-priors-diagnostics"
9,10,9,"cov(mu[2,1],mu[2,1])","BMLVAR",FALSE,200,200,0.0249458338888889,0.0246911111111111,0.00382101440327022,0.01823,0.0331556111111111,1.00014823838217,9812.07591526028,17320.2136580917,3.83004798261632e-05,4.16666666666663e-05,5.61111111111111e-05,8.05555555555552e-05,"summary-fit-mplus-k4-priors-diagnostics"
9,10,9,"cov(mu[3,1],mu[3,1])","BMLVAR",FALSE,200,200,0.02844024425,0.0281733333333333,0.00409101348166355,0.0212188888888889,0.0372078333333333,1.00017297482814,12026.7555080379,20017.9715309022,3.70364165044428e-05,4.00000000000003e-05,5.33333333333331e-05,8.6666666666667e-05,"summary-fit-mplus-k4-priors-diagnostics"
9,10,9,"cov(mu[4,1],mu[4,1])","BMLVAR",FALSE,200,200,0.0227133827777778,0.0224311111111111,0.00416117470208785,0.0153699722222222,0.0316600555555556,1.00022480439172,6477.01318518091,10910.0074267722,5.1159376079496e-05,5.5555555555556e-05,7.55555555555553e-05,0.000105,"summary-fit-mplus-k4-priors-diagnostics"
