"taskid","replications","replications_used","parnames","parameter","method","n","time","heterogeneity","ci","est","se","z","p","ll","ul","sig","zero_hit","theta_hit","sq_error","bias","rel_bias","se_bias","rel_se_bias","rmse","coverage","rejection_rate","power","type1_error","success_rate","n_bias","n_rmse","n_coverage","n_rejection","mcse_bias","mcse_rmse","mcse_coverage","mcse_rejection_rate","mcse_power","mcse_type1_error","summary_output_type"
9,10,10,"alpha[1,1]",0,"MetaVAR",200,200,1,"Normal",-0.00910901154587142,0.0156423318944115,-0.605336973724323,0.363340875374775,-0.0397674186931402,0.0215493956013973,0,1,1,0.000298893534113494,-0.00910901154587142,,0.00015328763831177,0.00989652013237704,0.0172885376510998,1,0,,0,1,10,10,10,10,0.00489806586284236,0.00213830913438019,0,0,,0,"summary-fit-meta-var-mx-k4-normal"
9,10,10,"alpha[2,1]",0,"MetaVAR",200,200,1,"Normal",-0.0021673563795993,0.0151669955410428,-0.152629947485971,0.542344549421222,-0.0318941213937228,0.0275594086345242,0,1,1,0.000119707334745686,-0.0021673563795993,,0.00386262563528925,0.341693138803189,0.010941084715223,1,0,,0,1,10,10,10,10,0.00357475564152443,0.00171614233909347,0,0,,0,"summary-fit-meta-var-mx-k4-normal"
9,10,10,"alpha[3,1]",0,"MetaVAR",200,200,1,"Normal",0.00238379149654275,0.0155024588786978,0.143077880765131,0.582573811123653,-0.028000469577518,0.0327680525706035,0,1,1,9.51084192968858e-05,0.00238379149654275,,0.00553440114980436,0.555213593292337,0.00975235455143453,1,0,,0,1,10,10,10,10,0.00315217662713483,0.00166116595888358,0,0,,0,"summary-fit-meta-var-mx-k4-normal"
9,10,10,"alpha[4,1]",0,"MetaVAR",200,200,1,"Normal",0.0100620463141748,0.0165579718650418,0.594056244489663,0.474611961717634,-0.0223909821983346,0.0425150748266842,0.1,0.9,0.9,0.00035478299442664,0.0100620463141748,,-0.000226221042375001,-0.0134782198716887,0.0188356840711093,0.9,0.1,,0.1,1,10,10,10,10,0.00530762782750807,0.00388219933348954,0.0948683298050514,0.0948683298050514,,0.0948683298050514,"summary-fit-meta-var-mx-k4-normal"
9,10,10,"alpha[5,1]",0.39487730015829,"MetaVAR",200,200,1,"Normal",0.387948949154509,0.011746813475729,33.1369790643454,2.00459188695661e-196,0.36492561780897,0.410972280500048,1,0,1,0.000135606398067155,-0.00692835100378126,-0.0175455793508616,0.00188080277481144,0.190634576813961,0.0116450160183297,1,1,1,,1,10,10,10,10,0.00311990652344939,0.00221202965340378,0,0,0,,"summary-fit-meta-var-mx-k4-normal"
9,10,10,"alpha[6,1]",0.0524495944105686,"MetaVAR",200,200,1,"Normal",0.047738440648736,0.0119884531937557,3.99318758461365,0.00227688640786889,0.0242415041586306,0.0712353771388414,1,0,1,0.000162557388325263,-0.00471115376183261,-0.0898225012943724,-0.000499871067001433,-0.0400270730134875,0.0127497995405913,1,1,1,,1,10,10,10,10,0.00394915488227311,0.00247572147945722,0,0,0,,"summary-fit-meta-var-mx-k4-normal"
9,10,10,"alpha[7,1]",0.124933589626799,"MetaVAR",200,200,1,"Normal",0.127940553171715,0.0121010605878798,10.5780987265468,4.32882323610108e-21,0.104222910244734,0.151658196098697,1,0,1,0.000172550573313292,0.00300696354491612,0.0240684955414993,-0.00137767754761992,-0.102211166488311,0.0131358506886038,1,1,1,,1,10,10,10,10,0.00426235124931505,0.00171444267094544,0,0,0,,"summary-fit-meta-var-mx-k4-normal"
9,10,10,"alpha[8,1]",0.17897236563531,"MetaVAR",200,200,1,"Normal",0.183045738789273,0.011940737867098,15.3675947000669,1.15958059415732e-42,0.159642322620927,0.206449154957619,1,0,1,0.000106794508073707,0.00407337315396332,0.0227597883030925,0.00192951420883005,0.192735101591354,0.010334142832074,1,1,1,,1,10,10,10,10,0.003165826892549,0.00200300607321983,0,0,0,,"summary-fit-meta-var-mx-k4-normal"
9,10,10,"alpha[9,1]",0.128225544115233,"MetaVAR",200,200,1,"Normal",0.130829823437393,0.0118045727072626,11.1043323227703,8.245431192582e-22,0.107693286078273,0.153966360796512,1,0,1,9.24879195000688e-05,0.00260427932215981,0.020310144442198,0.00204606367313474,0.209669701178649,0.00961706397504294,1,1,1,,1,10,10,10,10,0.00308591151151738,0.0013778019533209,0,0,0,,"summary-fit-meta-var-mx-k4-normal"
9,10,10,"alpha[10,1]",0.295050499001833,"MetaVAR",200,200,1,"Normal",0.285297393555782,0.0119021908988255,23.9975268570192,1.28670763335864e-104,0.261969528056963,0.3086252590546,1,0,0.8,0.000271330113584688,-0.00975310544605131,-0.0330557158149078,-0.0020901501706029,-0.149378160540242,0.016472101067705,0.8,1,1,,1,10,10,10,10,0.004424766757731,0.00313405870061148,0.126491106406735,0,0,,"summary-fit-meta-var-mx-k4-normal"
9,10,10,"alpha[11,1]",0.113646061146805,"MetaVAR",200,200,1,"Normal",0.11471818662694,0.0123398123381044,9.30314067189841,2.40212760016718e-17,0.0905325988682721,0.138903774385607,1,0,1,0.000113948120743447,0.00107212548013425,0.00943389915422851,0.00114464137031194,0.102244206328333,0.0106746485067868,1,1,1,,1,10,10,10,10,0.00354022390532158,0.00238372672338917,0,0,0,,"summary-fit-meta-var-mx-k4-normal"
9,10,10,"alpha[12,1]",0.188879092384969,"MetaVAR",200,200,1,"Normal",0.184492977650424,0.0122279450535068,15.1954071384102,7.50698237116312e-36,0.160526645740615,0.208459309560232,1,0,0.9,0.000168484100318005,-0.00438611473454549,-0.0232218117906127,-0.0006495157837428,-0.0504381874619254,0.0129801425384318,0.9,1,1,,1,10,10,10,10,0.00407221067253277,0.00303191626993339,0.0948683298050514,0,0,,"summary-fit-meta-var-mx-k4-normal"
9,10,10,"alpha[13,1]",0.113852554013382,"MetaVAR",200,200,1,"Normal",0.117631716864533,0.0121208354384253,9.73272698591519,1.35278994756756e-15,0.093875315942683,0.141388117786384,1,0,0.9,0.000194866799007528,0.00377916285115143,0.0331934833074297,-0.00204425181282594,-0.144316217511852,0.0139594698684272,0.9,1,1,,1,10,10,10,10,0.00447939389689678,0.00296010910109251,0.0948683298050514,0,0,,"summary-fit-meta-var-mx-k4-normal"
9,10,10,"alpha[14,1]",0.148053972254809,"MetaVAR",200,200,1,"Normal",0.148005625185734,0.0120734357600526,12.2735275147272,6.914086910986e-27,0.124342125926373,0.171669124445095,1,0,1,0.000158787737243959,-4.83470690744392e-05,-0.000326550300124544,-0.00120919282036822,-0.0910356570649445,0.0126011006362127,1,1,1,,1,10,10,10,10,0.00420033596281788,0.00178274236379813,0,0,0,,"summary-fit-meta-var-mx-k4-normal"
9,10,10,"alpha[15,1]",0.295940451702769,"MetaVAR",200,200,1,"Normal",0.29219379815882,0.011961734212883,24.4987364157192,4.88748108721105e-105,0.268749229908929,0.315638366408711,1,0,1,0.000156507314870165,-0.00374665354394904,-0.0126601602531581,-0.000619994253948906,-0.0492773513260394,0.0125102883607919,1,1,1,,1,10,10,10,10,0.0039786918856967,0.00273397452479464,0,0,0,,"summary-fit-meta-var-mx-k4-normal"
9,10,10,"alpha[16,1]",0.131802437263662,"MetaVAR",200,200,1,"Normal",0.129155763244591,0.0115899706285711,11.1700593114898,2.07890592776652e-20,0.106439838230714,0.151871688258467,1,0,1,0.000198049223031949,-0.00264667401907191,-0.0200806151541599,-0.00297956912122193,-0.204506742998814,0.0140729962350577,1,1,1,,1,10,10,10,10,0.00460729300697056,0.00183309727642538,0,0,0,,"summary-fit-meta-var-mx-k4-normal"
9,10,10,"alpha[17,1]",0.0589160111488943,"MetaVAR",200,200,1,"Normal",0.0592554701251657,0.0121672887925701,4.86628196294686,8.8192789543743e-05,0.0354080223022305,0.0831029179481009,1,0,1,0.000115527919388703,0.000339458976271397,0.00576174404294794,0.000843141191971314,0.0744551573953994,0.0107483914791332,1,1,1,,1,10,10,10,10,0.00358100989778228,0.00152864988090053,0,0,0,,"summary-fit-meta-var-mx-k4-normal"
9,10,10,"alpha[18,1]",0.178827522816263,"MetaVAR",200,200,1,"Normal",0.182980764096176,0.011678704504144,15.6934205362592,7.96619936107597e-47,0.160090923881968,0.205870604310384,1,0,1,8.8083573227082e-05,0.00415324127991294,0.0232248437740772,0.00280714193991604,0.316420238215424,0.00938528493052193,1,1,1,,1,10,10,10,10,0.0028054344107644,0.00166637618857392,0,0,0,,"summary-fit-meta-var-mx-k4-normal"
9,10,10,"alpha[19,1]",0.0816675676989318,"MetaVAR",200,200,1,"Normal",0.0796543580636348,0.0119291017464025,6.71249817662561,2.95326856332604e-06,0.0562737482727721,0.103034967854498,1,0,0.9,0.00016267523424448,-0.00201320963529704,-0.0246512745759584,-0.00134670001673984,-0.101440202314461,0.0127544201845666,0.9,1,1,,1,10,10,10,10,0.0041981771336409,0.00382454583223361,0.0948683298050514,0,0,,"summary-fit-meta-var-mx-k4-normal"
9,10,10,"alpha[20,1]",0.393131974115063,"MetaVAR",200,200,1,"Normal",0.38767263458432,0.0118466176431439,32.7619957271267,1.29871958997188e-211,0.364453690665141,0.410891578503499,1,0,1,0.000109462213060414,-0.00545933953074227,-0.0138867858383465,0.00243871169191278,0.259219395320768,0.010462419082622,1,1,1,,1,10,10,10,10,0.00297504108185432,0.00127834976463246,0,0,0,,"summary-fit-meta-var-mx-k4-normal"
9,10,10,"tau_sqr[1,1]",0.025,"MetaVAR",200,200,1,"Normal",0.0268984244661358,0.00408880300839842,6.56163006221593,2.37849579143768e-10,0.0188845178297958,0.0349123311024757,1,0,1,1.39286464319092e-05,0.00189842446613575,0.0759369786454299,0.000701796631360433,0.207202630652904,0.00373211018485644,1,1,1,,1,10,10,10,10,0.0010710654600955,0.000601643152248491,0,0,0,,"summary-fit-meta-var-mx-k4-normal"
9,10,10,"tau_sqr[2,2]",0.025,"MetaVAR",200,200,1,"Normal",0.0259055383576894,0.00379235675576868,6.81935365491218,2.30371955732737e-11,0.0184726556998556,0.0333384210155231,1,0,1,1.0131284555536e-05,0.000905538357689361,0.0362215343075744,0.000575856788017459,0.17903211372331,0.00318296788477923,1,1,1,,1,10,10,10,10,0.0010171465991952,0.000820602410696071,0,0,0,,"summary-fit-meta-var-mx-k4-normal"
9,10,10,"tau_sqr[3,3]",0.025,"MetaVAR",200,200,1,"Normal",0.0300440526493959,0.00418155701240952,7.16053852091438,3.0809065354501e-12,0.0218483515057723,0.0382397537930195,1,0,0.8,4.24324454731352e-05,0.00504405264939588,0.201762105975835,-0.000163296692231253,-0.037583933391551,0.00651401914896903,0.8,1,1,,1,10,10,10,10,0.00137396338068854,0.00142615465050918,0.126491106406735,0,0,,"summary-fit-meta-var-mx-k4-normal"
9,10,10,"tau_sqr[4,4]",0.025,"MetaVAR",200,200,1,"Normal",0.0252741479343755,0.00427876468200482,5.87065760365031,4.82419320648597e-08,0.0168879232593241,0.0336603726094269,1,0,0.9,1.83483736316402e-05,0.000274147934375513,0.0109659173750205,-0.000227184045537694,-0.0504186929933394,0.00428350016127467,0.9,1,1,,1,10,10,10,10,0.00142490609989718,0.000793576920570225,0.0948683298050514,0,0,,"summary-fit-meta-var-mx-k4-normal"
9,10,10,"tau_sqr[5,5]",0.024355403139832,"MetaVAR",200,200,1,"Normal",0.0234665632449837,0.00271960118250628,8.61341480732887,1.98371839265796e-17,0.0181362428749589,0.0287968836150086,1,0,0.9,8.22881100431673e-06,-0.00088883989484822,-0.0364945671293188,-0.000155343192925268,-0.0540334603524113,0.00286859042115056,0.9,1,1,,1,10,10,10,10,0.000909137237265391,0.000725462391406983,0.0948683298050514,0,0,,"summary-fit-meta-var-mx-k4-normal"
9,10,10,"tau_sqr[6,6]",0.0247574651591533,"MetaVAR",200,200,1,"Normal",0.0245744532584221,0.00286266601639287,8.57389370986791,1.79276537949647e-17,0.0189637309665254,0.0301851755503189,1,0,1,6.23328357025236e-06,-0.000183011900731188,-0.00739219057987947,0.000238041130085176,0.0906952956694891,0.00249665447554369,1,1,1,,1,10,10,10,10,0.00082997926442928,0.000653872969919692,0,0,0,,"summary-fit-meta-var-mx-k4-normal"
9,10,10,"tau_sqr[7,7]",0.0247804672618661,"MetaVAR",200,200,1,"Normal",0.0251235762623926,0.00292555881736046,8.57676848127924,2.30124209824458e-17,0.0193895863457125,0.0308575661790727,1,0,0.9,5.80901503863893e-06,0.00034310900052651,0.013845945554647,0.000410870576821019,0.163388276207503,0.00241018983456468,0.9,1,1,,1,10,10,10,10,0.000795214244534601,0.000545892888204035,0.0948683298050514,0,0,,"summary-fit-meta-var-mx-k4-normal"
9,10,10,"tau_sqr[8,8]",0.0247684686383005,"MetaVAR",200,200,1,"Normal",0.0243935514247117,0.00284337059925937,8.56573526022368,2.08123002315057e-17,0.0188206474554633,0.0299664553939601,1,0,1,8.28191341569004e-06,-0.000374917213588838,-0.0151368749947297,-0.000164277152471917,-0.0546198112386514,0.00287783137374135,1,1,1,,1,10,10,10,10,0.000951101729495549,0.00037867475674307,0,0,0,,"summary-fit-meta-var-mx-k4-normal"
9,10,10,"tau_sqr[9,9]",0.0246885487838448,"MetaVAR",200,200,1,"Normal",0.0235039223042358,0.00277534215194321,8.46228397388696,3.82516013258521e-17,0.0180643516416513,0.0289434929668204,1,0,1,4.57522039767977e-06,-0.001184626479609,-0.0479828316350522,0.000898027136203688,0.478357190282173,0.00213897648366684,1,1,1,,1,10,10,10,10,0.000593659133537172,0.000384835518436515,0,0,0,,"summary-fit-meta-var-mx-k4-normal"
9,10,10,"tau_sqr[10,10]",0.0244166728687642,"MetaVAR",200,200,1,"Normal",0.0239279489960854,0.0027924775748147,8.56114571735042,1.69933742262623e-17,0.0184547935218128,0.029401104470358,1,0,1,4.27868750452765e-06,-0.000488723872678809,-0.0200159897012023,0.000673820641545289,0.3180414115019,0.00206849885291911,1,1,1,,1,10,10,10,10,0.00066997814896387,0.00041225884751868,0,0,0,,"summary-fit-meta-var-mx-k4-normal"
9,10,10,"tau_sqr[11,11]",0.0248008937950689,"MetaVAR",200,200,1,"Normal",0.0260761985868333,0.00303601563646504,8.57951040686502,1.9524545286839e-17,0.0201257172828614,0.0320266798908052,1,0,1,7.12226921148404e-06,0.00127530479176438,0.0514217270676729,0.000564878493909267,0.228590507657961,0.00266875799043001,1,1,1,,1,10,10,10,10,0.000781442178111646,0.000328244313882714,0,0,0,,"summary-fit-meta-var-mx-k4-normal"
9,10,10,"tau_sqr[12,12]",0.0246954254661911,"MetaVAR",200,200,1,"Normal",0.0256364851818703,0.00298929970065845,8.5514619986577,3.00650929766328e-17,0.0197775654295834,0.0314954049341572,1,0,0.8,1.78090926376779e-05,0.000941059715679232,0.038106641125401,-0.00134704531036992,-0.310640713998554,0.00422008206527763,0.8,1,1,,1,10,10,10,10,0.00137127269551576,0.00135338562788521,0.126491106406735,0,0,,"summary-fit-meta-var-mx-k4-normal"
9,10,10,"tau_sqr[13,13]",0.0247664950452711,"MetaVAR",200,200,1,"Normal",0.0250908990155778,0.00294153201302784,8.49598036383847,8.21557125814621e-17,0.0193256022106716,0.030856195820484,1,0,0.8,2.08297812813062e-05,0.000324403970306688,0.0130985014114312,-0.00185714180207235,-0.387011468924686,0.00456396552148526,0.8,1,1,,1,10,10,10,10,0.00151747390039263,0.000698395977279031,0.126491106406735,0,0,,"summary-fit-meta-var-mx-k4-normal"
9,10,10,"tau_sqr[14,14]",0.0248000465669856,"MetaVAR",200,200,1,"Normal",0.0246884554703792,0.00290712838135242,8.48333929507818,3.43596146637795e-17,0.0189905885444942,0.0303863223962641,1,0,1,5.26401379267106e-06,-0.000111591096606483,-0.00449963254323223,0.000491539835669925,0.203486573302593,0.00229434386975254,1,1,1,,1,10,10,10,10,0.000763876169417038,0.000409814877719756,0,0,0,,"summary-fit-meta-var-mx-k4-normal"
9,10,10,"tau_sqr[15,15]",0.024567703060877,"MetaVAR",200,200,1,"Normal",0.0241815693722373,0.00282384638570951,8.54857112765045,3.8248159963982e-17,0.018646932158373,0.0297162065861015,1,0,0.9,7.74439484794126e-06,-0.000386133688639694,-0.0157171261669389,-8.11867222369907e-05,-0.027946918062624,0.00278287528429523,0.9,1,1,,1,10,10,10,10,0.000918652129930873,0.000801231986316534,0.0948683298050514,0,0,,"summary-fit-meta-var-mx-k4-normal"
9,10,10,"tau_sqr[16,16]",0.0248383760983694,"MetaVAR",200,200,1,"Normal",0.0224498075498805,0.00267596507910561,8.37767762150309,9.26229831629482e-17,0.0172050123709466,0.0276946027288144,1,0,0.8,1.18860163015566e-05,-0.00238856854848893,-0.0961644408245245,5.537214562109e-05,0.0211296248698433,0.00344761023051571,0.8,1,1,,1,10,10,10,10,0.000828704248995321,0.000635294418670633,0.126491106406735,0,0,,"summary-fit-meta-var-mx-k4-normal"
9,10,10,"tau_sqr[17,17]",0.0245238340991058,"MetaVAR",200,200,1,"Normal",0.0257620380017511,0.00295756830185818,8.70306227898929,4.41672155702874e-18,0.0199653106482918,0.0315587653552104,1,0,0.9,7.70070330324629e-06,0.00123820390264527,0.050489817279037,0.000339775678138658,0.12979472669454,0.00277501410865716,0.9,1,1,,1,10,10,10,10,0.000827818713294182,0.000934607469037485,0.0948683298050514,0,0,,"summary-fit-meta-var-mx-k4-normal"
9,10,10,"tau_sqr[18,18]",0.0246174589840405,"MetaVAR",200,200,1,"Normal",0.0234006841068759,0.00271275743870991,8.61517745404472,1.05151667191906e-17,0.0180837772282113,0.0287175909855404,1,0,1,7.84514862913095e-06,-0.00121677487716467,-0.0494273140844268,5.34744260181456e-05,0.0201085878272197,0.0028009192471635,1,1,1,,1,10,10,10,10,0.000840939126310042,0.000367391203815323,0,0,0,,"summary-fit-meta-var-mx-k4-normal"
9,10,10,"tau_sqr[19,19]",0.0246119045787222,"MetaVAR",200,200,1,"Normal",0.0246085169479611,0.00283774223672537,8.6589130261102,1.01019810643258e-17,0.0190466443665712,0.030170389529351,1,0,0.9,8.10300670401119e-06,-3.38763076115009e-06,-0.000137641959008683,-0.000162812383853415,-0.0542607632391673,0.00284657806919311,0.9,1,1,,1,10,10,10,10,0.000948858684477129,0.000557872950809596,0.0948683298050514,0,0,,"summary-fit-meta-var-mx-k4-normal"
9,10,10,"tau_sqr[20,20]",0.0239908393088852,"MetaVAR",200,200,1,"Normal",0.0241645260109619,0.00276348906301939,8.74085911146958,2.86367499709978e-18,0.0187481869757735,0.0295808650461502,1,0,1,2.38354268311575e-06,0.000173686702076641,0.00723970928404805,0.00114643563414963,0.708965834821512,0.00154387262528868,1,1,1,,1,10,10,10,10,0.000511357193341351,0.000322168374709173,0,0,0,,"summary-fit-meta-var-mx-k4-normal"
9,10,10,"alpha[1,1]",0,"MetaVAR",200,200,1,"Robust",-0.00910901154587142,0.0162710469518254,-0.582570288404092,0.37744686861069,-0.0409996775622094,0.0227816544704665,0,1,1,0.000298893534113494,-0.00910901154587142,,0.00078200269572563,0.0504874724867333,0.0172885376510998,1,0,,0,1,10,10,10,10,0.00489806586284236,0.00213830913438019,0,0,,0,"summary-fit-meta-var-mx-k4-robust"
9,10,10,"alpha[2,1]",0,"MetaVAR",200,200,1,"Robust",-0.0021673563795993,0.0156576251633983,-0.143658463769749,0.553902065634277,-0.032855737783288,0.0285210250240894,0,1,1,0.000119707334745686,-0.0021673563795993,,0.00435325525764469,0.385094905239169,0.010941084715223,1,0,,0,1,10,10,10,10,0.00357475564152443,0.00171614233909347,0,0,,0,"summary-fit-meta-var-mx-k4-robust"
9,10,10,"alpha[3,1]",0,"MetaVAR",200,200,1,"Robust",0.00238379149654275,0.0159659690764162,0.13683551476529,0.593306829580547,-0.0289089328715132,0.0336765158645987,0,1,1,9.51084192968858e-05,0.00238379149654275,,0.00599791134752277,0.601713143187085,0.00975235455143453,1,0,,0,1,10,10,10,10,0.00315217662713483,0.00166116595888358,0,0,,0,"summary-fit-meta-var-mx-k4-robust"
9,10,10,"alpha[4,1]",0,"MetaVAR",200,200,1,"Robust",0.0100620463141748,0.0173959693671772,0.567723314045601,0.489123879969761,-0.0240334271216545,0.0441575197500041,0.1,0.9,0.9,0.00035478299442664,0.0100620463141748,,0.000611776459760394,0.0364495607941956,0.0188356840711093,0.9,0.1,,0.1,1,10,10,10,10,0.00530762782750807,0.00388219933348954,0.0948683298050514,0.0948683298050514,,0.0948683298050514,"summary-fit-meta-var-mx-k4-robust"
9,10,10,"alpha[5,1]",0.39487730015829,"MetaVAR",200,200,1,"Robust",0.387948949154509,0.0117494166073831,33.1308833854716,1.47487516617016e-195,0.364920515764681,0.410977382544336,1,0,1,0.000135606398067155,-0.00692835100378126,-0.0175455793508616,0.00188340590646549,0.190898425266285,0.0116450160183297,1,1,1,,1,10,10,10,10,0.00311990652344939,0.00221202965340378,0,0,0,,"summary-fit-meta-var-mx-k4-robust"
9,10,10,"alpha[6,1]",0.0524495944105686,"MetaVAR",200,200,1,"Robust",0.047738440648736,0.0120135147940713,3.98747199507575,0.00232369708204501,0.0241923843246171,0.0712844969728549,1,0,1,0.000162557388325263,-0.00471115376183261,-0.0898225012943724,-0.000474809466685834,-0.0380202705160258,0.0127497995405913,1,1,1,,1,10,10,10,10,0.00394915488227311,0.00247572147945722,0,0,0,,"summary-fit-meta-var-mx-k4-robust"
9,10,10,"alpha[7,1]",0.124933589626799,"MetaVAR",200,200,1,"Robust",0.127940553171715,0.0121354277746573,10.5469057761141,4.7987681384457e-21,0.1041555517964,0.151725554547031,1,0,1,0.000172550573313292,0.00300696354491612,0.0240684955414993,-0.00134331036084248,-0.0996614332394013,0.0131358506886038,1,1,1,,1,10,10,10,10,0.00426235124931505,0.00171444267094544,0,0,0,,"summary-fit-meta-var-mx-k4-robust"
9,10,10,"alpha[8,1]",0.17897236563531,"MetaVAR",200,200,1,"Robust",0.183045738789273,0.0119856945565038,15.3091026299746,4.63834087166578e-42,0.159554209128828,0.206537268449718,1,0,1,0.000106794508073707,0.00407337315396332,0.0227597883030925,0.00197447089823583,0.197225730403612,0.010334142832074,1,1,1,,1,10,10,10,10,0.003165826892549,0.00200300607321983,0,0,0,,"summary-fit-meta-var-mx-k4-robust"
9,10,10,"alpha[9,1]",0.128225544115233,"MetaVAR",200,200,1,"Robust",0.130829823437393,0.0118381053158146,11.0727627164355,7.9947119376345e-22,0.107627563373204,0.154032083501581,1,0,1,9.24879195000688e-05,0.00260427932215981,0.020310144442198,0.00207959628168674,0.213105944198431,0.00961706397504294,1,1,1,,1,10,10,10,10,0.00308591151151738,0.0013778019533209,0,0,0,,"summary-fit-meta-var-mx-k4-robust"
9,10,10,"alpha[10,1]",0.295050499001833,"MetaVAR",200,200,1,"Robust",0.285297393555782,0.0119315392230457,23.938394988066,4.74878049786253e-105,0.261912006398485,0.308682780713078,1,0,0.8,0.000271330113584688,-0.00975310544605131,-0.0330557158149078,-0.00206080184638269,-0.147280704219346,0.016472101067705,0.8,1,1,,1,10,10,10,10,0.004424766757731,0.00313405870061148,0.126491106406735,0,0,,"summary-fit-meta-var-mx-k4-robust"
9,10,10,"alpha[11,1]",0.113646061146805,"MetaVAR",200,200,1,"Robust",0.11471818662694,0.012390781969098,9.26347248555055,2.77745120468889e-17,0.0904327002272194,0.13900367302666,1,0,1,0.000113948120743447,0.00107212548013425,0.00943389915422851,0.00119561100130552,0.106797029249949,0.0106746485067868,1,1,1,,1,10,10,10,10,0.00354022390532158,0.00238372672338917,0,0,0,,"summary-fit-meta-var-mx-k4-robust"
9,10,10,"alpha[12,1]",0.188879092384969,"MetaVAR",200,200,1,"Robust",0.184492977650424,0.0122848023296135,15.1306764136215,1.82984051174352e-35,0.160415207527187,0.20857074777366,1,0,0.9,0.000168484100318005,-0.00438611473454549,-0.0232218117906127,-0.00059265850763615,-0.0460229322477776,0.0129801425384318,0.9,1,1,,1,10,10,10,10,0.00407221067253277,0.00303191626993339,0.0948683298050514,0,0,,"summary-fit-meta-var-mx-k4-robust"
9,10,10,"alpha[13,1]",0.113852554013382,"MetaVAR",200,200,1,"Robust",0.117631716864533,0.0121478308467042,9.70862065775949,1.16143207093757e-15,0.0938224059147085,0.141441027814358,1,0,0.9,0.000194866799007528,0.00377916285115143,0.0331934833074297,-0.00201725640454707,-0.142410446809559,0.0139594698684272,0.9,1,1,,1,10,10,10,10,0.00447939389689678,0.00296010910109251,0.0948683298050514,0,0,,"summary-fit-meta-var-mx-k4-robust"
9,10,10,"alpha[14,1]",0.148053972254809,"MetaVAR",200,200,1,"Robust",0.148005625185734,0.0121266644730748,12.2227029765584,1.70020511497634e-26,0.124237799565906,0.171773450805562,1,0,1,0.000158787737243959,-4.83470690744392e-05,-0.000326550300124544,-0.00115596410734604,-0.087028264047824,0.0126011006362127,1,1,1,,1,10,10,10,10,0.00420033596281788,0.00178274236379813,0,0,0,,"summary-fit-meta-var-mx-k4-robust"
9,10,10,"alpha[15,1]",0.295940451702769,"MetaVAR",200,200,1,"Robust",0.29219379815882,0.0120068362128068,24.4176616406434,2.28330490202771e-104,0.268660831613447,0.315726764704192,1,0,1,0.000156507314870165,-0.00374665354394904,-0.0126601602531581,-0.000574892254025074,-0.045692629239346,0.0125102883607919,1,1,1,,1,10,10,10,10,0.0039786918856967,0.00273397452479464,0,0,0,,"summary-fit-meta-var-mx-k4-robust"
9,10,10,"alpha[16,1]",0.131802437263662,"MetaVAR",200,200,1,"Robust",0.129155763244591,0.01162129446358,11.1386729045811,1.87920900811938e-20,0.106378444642239,0.151933081846942,1,0,1,0.000198049223031949,-0.00264667401907191,-0.0200806151541599,-0.00294824528621304,-0.202356789359453,0.0140729962350577,1,1,1,,1,10,10,10,10,0.00460729300697056,0.00183309727642538,0,0,0,,"summary-fit-meta-var-mx-k4-robust"
9,10,10,"alpha[17,1]",0.0589160111488943,"MetaVAR",200,200,1,"Robust",0.0592554701251657,0.0121826097898204,4.85946616255193,8.66348923767387e-05,0.0353779936994127,0.0831329465509187,1,0,1,0.000115527919388703,0.000339458976271397,0.00576174404294794,0.000858462189221639,0.0758081066672293,0.0107483914791332,1,1,1,,1,10,10,10,10,0.00358100989778228,0.00152864988090053,0,0,0,,"summary-fit-meta-var-mx-k4-robust"
9,10,10,"alpha[18,1]",0.178827522816263,"MetaVAR",200,200,1,"Robust",0.182980764096176,0.0117260616987145,15.6306631631598,2.20570261727662e-46,0.159998105486201,0.205963422706151,1,0,1,8.8083573227082e-05,0.00415324127991294,0.0232248437740772,0.00285449913448657,0.321758327670093,0.00938528493052193,1,1,1,,1,10,10,10,10,0.0028054344107644,0.00166637618857392,0,0,0,,"summary-fit-meta-var-mx-k4-robust"
9,10,10,"alpha[19,1]",0.0816675676989318,"MetaVAR",200,200,1,"Robust",0.0796543580636348,0.0119785793745155,6.686682770972,3.42246104108424e-06,0.0561767739036302,0.103131942223639,1,0,0.9,0.00016267523424448,-0.00201320963529704,-0.0246512745759584,-0.00129722238862686,-0.0977132991114966,0.0127544201845666,0.9,1,1,,1,10,10,10,10,0.0041981771336409,0.00382454583223361,0.0948683298050514,0,0,,"summary-fit-meta-var-mx-k4-robust"
9,10,10,"alpha[20,1]",0.393131974115063,"MetaVAR",200,200,1,"Robust",0.38767263458432,0.0118927703719972,32.6395712011552,1.87664071091538e-209,0.364363232978801,0.41098203618984,1,0,1,0.000109462213060414,-0.00545933953074227,-0.0138867858383465,0.00248486442076612,0.264125134078425,0.010462419082622,1,1,1,,1,10,10,10,10,0.00297504108185432,0.00127834976463246,0,0,0,,"summary-fit-meta-var-mx-k4-robust"
9,10,10,"tau_sqr[1,1]",0.025,"MetaVAR",200,200,1,"Robust",0.0268984244661358,0.00423728778923462,6.37967201602433,1.66998107108957e-08,0.0185934930071045,0.035203355925167,1,0,1,1.39286464319092e-05,0.00189842446613575,0.0759369786454299,0.000850281412196641,0.2510421645383,0.00373211018485644,1,1,1,,1,10,10,10,10,0.0010710654600955,0.000601643152248491,0,0,0,,"summary-fit-meta-var-mx-k4-robust"
9,10,10,"tau_sqr[2,2]",0.025,"MetaVAR",200,200,1,"Robust",0.0259055383576894,0.00384137751904999,6.83156895520752,7.53368198942179e-09,0.0183765767693296,0.0334344999460492,1,0,1,1.0131284555536e-05,0.000905538357689361,0.0362215343075744,0.000624877551298771,0.19427251906228,0.00318296788477923,1,1,1,,1,10,10,10,10,0.0010171465991952,0.000820602410696071,0,0,0,,"summary-fit-meta-var-mx-k4-robust"
9,10,10,"tau_sqr[3,3]",0.025,"MetaVAR",200,200,1,"Robust",0.0300440526493959,0.0044455115779563,6.85815301211885,6.17444986699685e-08,0.0213310100637457,0.0387570952350461,1,0,0.8,4.24324454731352e-05,0.00504405264939588,0.201762105975835,0.000100657873315524,0.0231671490361137,0.00651401914896903,0.8,1,1,,1,10,10,10,10,0.00137396338068854,0.00142615465050918,0.126491106406735,0,0,,"summary-fit-meta-var-mx-k4-robust"
9,10,10,"tau_sqr[4,4]",0.025,"MetaVAR",200,200,1,"Robust",0.0252741479343755,0.00416165210138912,6.04390826711261,2.03101208411807e-07,0.0171174596994674,0.0334308361692836,1,0,0.9,1.83483736316402e-05,0.000274147934375513,0.0109659173750205,-0.000344296626153397,-0.0764093528292701,0.00428350016127467,0.9,1,1,,1,10,10,10,10,0.00142490609989718,0.000793576920570225,0.0948683298050514,0,0,,"summary-fit-meta-var-mx-k4-robust"
9,10,10,"tau_sqr[5,5]",0.024355403139832,"MetaVAR",200,200,1,"Robust",0.0234665632449837,0.00264146963421796,8.91387006030556,7.40495393265023e-16,0.0182893778956603,0.0286437485943071,1,0,0.9,8.22881100431673e-06,-0.00088883989484822,-0.0364945671293188,-0.000233474741213582,-0.0812101768676954,0.00286859042115056,0.9,1,1,,1,10,10,10,10,0.000909137237265391,0.000725462391406983,0.0948683298050514,0,0,,"summary-fit-meta-var-mx-k4-robust"
9,10,10,"tau_sqr[6,6]",0.0247574651591533,"MetaVAR",200,200,1,"Robust",0.0245744532584221,0.00291580731739305,8.46077082698525,1.29241552525367e-15,0.0188595759304734,0.0302893305863709,1,0,0.9,6.23328357025236e-06,-0.000183011900731188,-0.00739219057987947,0.000291182431085357,0.110942494146274,0.00249665447554369,0.9,1,1,,1,10,10,10,10,0.00082997926442928,0.000653872969919692,0.0948683298050514,0,0,,"summary-fit-meta-var-mx-k4-robust"
9,10,10,"tau_sqr[7,7]",0.0247804672618661,"MetaVAR",200,200,1,"Robust",0.0251235762623926,0.00287591625505795,8.77598117493278,6.01126642951209e-16,0.0194868839799257,0.0307602685448595,1,0,0.9,5.80901503863893e-06,0.00034310900052651,0.013845945554647,0.000361228014518504,0.143647235746811,0.00241018983456468,0.9,1,1,,1,10,10,10,10,0.000795214244534601,0.000545892888204035,0.0948683298050514,0,0,,"summary-fit-meta-var-mx-k4-robust"
9,10,10,"tau_sqr[8,8]",0.0247684686383005,"MetaVAR",200,200,1,"Robust",0.0243935514247117,0.00294951580418277,8.28962568097923,1.25227849425791e-13,0.0186126066766818,0.0301744961727416,1,0,1,8.28191341569004e-06,-0.000374917213588838,-0.0151368749947297,-5.81319475485183e-05,-0.0193280438226371,0.00287783137374135,1,1,1,,1,10,10,10,10,0.000951101729495549,0.00037867475674307,0,0,0,,"summary-fit-meta-var-mx-k4-robust"
9,10,10,"tau_sqr[9,9]",0.0246885487838448,"MetaVAR",200,200,1,"Robust",0.0235039223042358,0.00272494673470035,8.63964902543289,4.87737765326668e-16,0.0181631248444331,0.0288447197640385,1,0,1,4.57522039767977e-06,-0.001184626479609,-0.0479828316350522,0.000847631718960832,0.451512778545017,0.00213897648366684,1,1,1,,1,10,10,10,10,0.000593659133537172,0.000384835518436515,0,0,0,,"summary-fit-meta-var-mx-k4-robust"
9,10,10,"tau_sqr[10,10]",0.0244166728687642,"MetaVAR",200,200,1,"Robust",0.0239279489960854,0.00274006980752524,8.75913343113711,1.8431079716802e-16,0.0185575108582103,0.0292983871339605,1,0,1,4.27868750452765e-06,-0.000488723872678809,-0.0200159897012023,0.000621412874255827,0.293305095552631,0.00206849885291911,1,1,1,,1,10,10,10,10,0.00066997814896387,0.00041225884751868,0,0,0,,"summary-fit-meta-var-mx-k4-robust"
9,10,10,"tau_sqr[11,11]",0.0248008937950689,"MetaVAR",200,200,1,"Robust",0.0260761985868333,0.00310574199306078,8.4396549545155,1.4025950103285e-11,0.0199890561351605,0.0321633410385061,1,0,1,7.12226921148404e-06,0.00127530479176438,0.0514217270676729,0.000634604850504998,0.256806811559094,0.00266875799043001,1,1,1,,1,10,10,10,10,0.000781442178111646,0.000328244313882714,0,0,0,,"summary-fit-meta-var-mx-k4-robust"
9,10,10,"tau_sqr[12,12]",0.0246954254661911,"MetaVAR",200,200,1,"Robust",0.0256364851818703,0.00307415998041592,8.35971494327477,5.81235427431661e-15,0.0196112423375407,0.0316617280261998,1,0,0.9,1.78090926376779e-05,0.000941059715679232,0.038106641125401,-0.00126218503061246,-0.291071173396585,0.00422008206527763,0.9,1,1,,1,10,10,10,10,0.00137127269551576,0.00135338562788521,0.0948683298050514,0,0,,"summary-fit-meta-var-mx-k4-robust"
9,10,10,"tau_sqr[13,13]",0.0247664950452711,"MetaVAR",200,200,1,"Robust",0.0250908990155778,0.00300113962453824,8.35556083446854,2.50598977136291e-12,0.0192087734389068,0.0309730245922488,1,0,0.8,2.08297812813062e-05,0.000324403970306688,0.0130985014114312,-0.00179753419056195,-0.374589784557886,0.00456396552148526,0.8,1,1,,1,10,10,10,10,0.00151747390039263,0.000698395977279031,0.126491106406735,0,0,,"summary-fit-meta-var-mx-k4-robust"
9,10,10,"tau_sqr[14,14]",0.0248000465669856,"MetaVAR",200,200,1,"Robust",0.0246884554703792,0.00288757355130446,8.56125656320327,5.84614969145679e-15,0.019028915307112,0.0303479956336463,1,0,1,5.26401379267106e-06,-0.000111591096606483,-0.00449963254323223,0.000471985005621961,0.195391308037772,0.00229434386975254,1,1,1,,1,10,10,10,10,0.000763876169417038,0.000409814877719756,0,0,0,,"summary-fit-meta-var-mx-k4-robust"
9,10,10,"tau_sqr[15,15]",0.024567703060877,"MetaVAR",200,200,1,"Robust",0.0241815693722373,0.00278272413283868,8.73019915153551,1.32386085495966e-14,0.018727530292963,0.0296356084515115,1,0,0.9,7.74439484794126e-06,-0.000386133688639694,-0.0157171261669389,-0.000122308975107817,-0.0421024375843601,0.00278287528429523,0.9,1,1,,1,10,10,10,10,0.000918652129930873,0.000801231986316534,0.0948683298050514,0,0,,"summary-fit-meta-var-mx-k4-robust"
9,10,10,"tau_sqr[16,16]",0.0248383760983694,"MetaVAR",200,200,1,"Robust",0.0224498075498805,0.00258746491266669,8.74648532080688,2.73193886269121e-13,0.0173784695097927,0.0275211455899683,1,0,0.8,1.18860163015566e-05,-0.00238856854848893,-0.0961644408245245,-3.31280208178304e-05,-0.0126414218685163,0.00344761023051571,0.8,1,1,,1,10,10,10,10,0.000828704248995321,0.000635294418670633,0.126491106406735,0,0,,"summary-fit-meta-var-mx-k4-robust"
9,10,10,"tau_sqr[17,17]",0.0245238340991058,"MetaVAR",200,200,1,"Robust",0.0257620380017511,0.00312738034355964,8.273309051325,1.73626116514869e-13,0.0196324851624157,0.0318915908410865,1,0,1,7.70070330324629e-06,0.00123820390264527,0.050489817279037,0.000509587719840118,0.194663135354115,0.00277501410865716,1,1,1,,1,10,10,10,10,0.000827818713294182,0.000934607469037485,0,0,0,,"summary-fit-meta-var-mx-k4-robust"
9,10,10,"tau_sqr[18,18]",0.0246174589840405,"MetaVAR",200,200,1,"Robust",0.0234006841068759,0.00271961307739347,8.6327969195164,1.62018891757493e-14,0.0180703404233005,0.0287310277904512,1,0,1,7.84514862913095e-06,-0.00121677487716467,-0.0494273140844268,6.03300647017144e-05,0.0226865904884067,0.0028009192471635,1,1,1,,1,10,10,10,10,0.000840939126310042,0.000367391203815323,0,0,0,,"summary-fit-meta-var-mx-k4-robust"
9,10,10,"tau_sqr[19,19]",0.0246119045787222,"MetaVAR",200,200,1,"Robust",0.0246085169479611,0.00276827249025966,8.93678229498668,6.82221403669226e-16,0.0191828025676592,0.030034231328263,1,0,0.9,8.10300670401119e-06,-3.38763076115009e-06,-0.000137641959008683,-0.000232282130319125,-0.0774130651467093,0.00284657806919311,0.9,1,1,,1,10,10,10,10,0.000948858684477129,0.000557872950809596,0.0948683298050514,0,0,,"summary-fit-meta-var-mx-k4-robust"
9,10,10,"tau_sqr[20,20]",0.0239908393088852,"MetaVAR",200,200,1,"Robust",0.0241645260109619,0.00278445124090645,8.763857689207,6.11172543412402e-15,0.0187071018620773,0.0296219501598464,1,0,1,2.38354268311575e-06,0.000173686702076641,0.00723970928404805,0.0011673978120367,0.721929029180349,0.00154387262528868,1,1,1,,1,10,10,10,10,0.000511357193341351,0.000322168374709173,0,0,0,,"summary-fit-meta-var-mx-k4-robust"
9,10,9,"alpha[1,1]",0,"BMLVAR-Default",200,200,1,"Posterior",-0.00853333333333333,0.0158676080193085,,,-0.0395946388888889,0.0226390555555556,,1,1,0.000340157727777778,-0.00853333333333333,,-0.00147475178984085,-0.0850375500260815,0.0184433654135512,1,0,,0,0.9,9,9,9,9,0.0057807866030498,0.00193806012277886,0,0,,0,"summary-fit-mplus-k4"
9,10,9,"alpha[2,1]",0,"BMLVAR-Default",200,200,1,"Posterior",-0.00307388888888889,0.0155938159547252,,,-0.0337745555555556,0.0275113055555556,,1,1,0.000135024213888889,-0.00307388888888889,,0.00370801145477184,0.311969749694806,0.0116199919917739,1,0,,0,0.9,9,9,9,9,0.00396193483331778,0.00185204536680229,0,0,,0,"summary-fit-mplus-k4"
9,10,9,"alpha[3,1]",0,"BMLVAR-Default",200,200,1,"Posterior",0.00308333333333333,0.0159116206954815,,,-0.0280180277777778,0.0343079444444444,,1,1,0.000101055605555556,0.00308333333333333,,0.00576311126059407,0.567877607797482,0.0100526417202423,1,0,,0,0.9,9,9,9,9,0.00338283647829582,0.00144499133445617,0,0,,0,"summary-fit-mplus-k4"
9,10,9,"alpha[4,1]",0,"BMLVAR-Default",200,200,1,"Posterior",0.0106666666666667,0.0171546879958891,,,-0.0231068055555556,0.0442780277777778,,0.888888888888889,0.888888888888889,0.000413186066666667,0.0106666666666667,,-0.00119835875390149,-0.065294812912475,0.020326978788464,0.888888888888889,0.111111111111111,,0.111111111111111,0.9,9,9,9,9,0.00611768224993021,0.00414934388740381,0.104756560175785,0.104756560175785,,0.104756560175785,"summary-fit-mplus-k4"
9,10,9,"alpha[5,1]",0.39487730015829,"BMLVAR-Default",200,200,1,"Posterior",0.395063333333333,0.0119974171636848,,,0.371444222222222,0.418506833333333,,0,1,8.60943861199943e-05,0.000186033175043288,0.000471116407473193,0.00215784146145052,0.219302287695243,0.00927870605849729,1,1,1,,0.9,9,9,9,9,0.00327985856741144,0.00166442633632511,0,0,0,,"summary-fit-mplus-k4"
9,10,9,"alpha[6,1]",0.0524495944105686,"BMLVAR-Default",200,200,1,"Posterior",0.0475055555555556,0.0121738355108338,,,0.0236154444444444,0.0714200833333333,,0,1,0.000165003744891237,-0.00494403885501305,-0.0942626708666565,-0.000401149689069119,-0.0319006092406547,0.0128453783475317,1,1,1,,0.9,9,9,9,9,0.00419166173330098,0.00268634230191304,0,0,0,,"summary-fit-mplus-k4"
9,10,9,"alpha[7,1]",0.124933589626799,"BMLVAR-Default",200,200,1,"Posterior",0.130310555555556,0.0122340540460098,,,0.106270916666667,0.154275666666667,,0,1,0.000182600098401476,0.00537696592875632,0.0430385931022903,-0.000915066752651104,-0.0695914781423478,0.0135129603862912,1,1,1,,0.9,9,9,9,9,0.00438304026622032,0.00211002502222906,0,0,0,,"summary-fit-mplus-k4"
9,10,9,"alpha[8,1]",0.17897236563531,"BMLVAR-Default",200,200,1,"Posterior",0.183267222222222,0.0120868998713378,,,0.159653194444444,0.207061222222222,,0,1,0.000117367088163875,0.00429485658691262,0.023997316969393,0.00153766023312483,0.145760290396181,0.0108336091937948,1,1,1,,0.9,9,9,9,9,0.00351641321273767,0.00200681897369327,0,0,0,,"summary-fit-mplus-k4"
9,10,9,"alpha[9,1]",0.128225544115233,"BMLVAR-Default",200,200,1,"Posterior",0.131394444444444,0.0119082911377535,,,0.108002027777778,0.154675611111111,,0,1,0.000112082220654502,0.00316890032921165,0.0247134870908705,0.00119403298434975,0.111443365210538,0.010586889092387,1,1,1,,0.9,9,9,9,9,0.0035714193844679,0.00138912645878126,0,0,0,,"summary-fit-mplus-k4"
9,10,9,"alpha[10,1]",0.295050499001833,"BMLVAR-Default",200,200,1,"Posterior",0.290128333333333,0.012106652616081,,,0.266207694444444,0.313786722222222,,0,0.888888888888889,0.000215467481534822,-0.00492216566849956,-0.0166824515977822,-0.00256116035995597,-0.174610922851291,0.0146788106307978,0.888888888888889,1,1,,0.9,9,9,9,9,0.00488927099201234,0.00221972212818047,0.104756560175785,0,0,,"summary-fit-mplus-k4"
9,10,9,"alpha[11,1]",0.113646061146805,"BMLVAR-Default",200,200,1,"Posterior",0.116153333333333,0.0124279773522077,,,0.0918431666666667,0.140540083333333,,0,1,0.000125595591595114,0.00250727218652784,0.022062112502861,0.000842519873109153,0.0727221928550645,0.0112069439007748,1,1,1,,0.9,9,9,9,9,0.00386181915969951,0.00256001667271182,0,0,0,,"summary-fit-mplus-k4"
9,10,9,"alpha[12,1]",0.188879092384969,"BMLVAR-Default",200,200,1,"Posterior",0.187925555555556,0.0122943634130768,,,0.163783194444444,0.212098972222222,,0,1,9.35508793986281e-05,-0.000953536829413447,-0.00504839798504522,0.00208545295320025,0.20427772007567,0.00967217035616247,1,1,1,,0.9,9,9,9,9,0.0034029701532922,0.00176707371587008,0,0,0,,"summary-fit-mplus-k4"
9,10,9,"alpha[13,1]",0.113852554013382,"BMLVAR-Default",200,200,1,"Posterior",0.117794444444444,0.0120182026032581,,,0.0942332222222222,0.141344555555556,,0,0.888888888888889,0.000210142835972971,0.0039418904310625,0.0346227668340157,-0.00277807658367868,-0.187755080083334,0.0144963042177298,0.888888888888889,1,1,,0.9,9,9,9,9,0.00493209306231225,0.00312844742625505,0.104756560175785,0,0,,"summary-fit-mplus-k4"
9,10,9,"alpha[14,1]",0.148053972254809,"BMLVAR-Default",200,200,1,"Posterior",0.148305555555556,0.0122007437056013,,,0.124422138888889,0.17230125,,0,1,0.000174998518848573,0.00025158330074668,0.00169926748276427,-0.00182787446504465,-0.130296116325225,0.0132287005729426,1,1,1,,0.9,9,9,9,9,0.00467620605688198,0.00176023913369208,0,0,0,,"summary-fit-mplus-k4"
9,10,9,"alpha[15,1]",0.295940451702769,"BMLVAR-Default",200,200,1,"Posterior",0.298112222222222,0.0123082491338895,,,0.273908611111111,0.322176888888889,,0,1,0.000160886693362007,0.0021717705194535,0.00733853890861377,-0.000946612971935884,-0.0714162821444864,0.0126841118475835,1,1,1,,0.9,9,9,9,9,0.00441828736860845,0.00266556057679973,0,0,0,,"summary-fit-mplus-k4"
9,10,9,"alpha[16,1]",0.131802437263662,"BMLVAR-Default",200,200,1,"Posterior",0.131146666666667,0.0116332145775002,,,0.108376527777778,0.154014472222222,,0,1,0.000171782968409218,-0.000655770596995757,-0.00497540569514605,-0.00225102288805763,-0.162127944990977,0.0131066001849914,1,1,1,,0.9,9,9,9,9,0.00462807915518595,0.00190975685922468,0,0,0,,"summary-fit-mplus-k4"
9,10,9,"alpha[17,1]",0.0589160111488943,"BMLVAR-Default",200,200,1,"Posterior",0.0592855555555555,0.0122938893379088,,,0.0351131944444444,0.0833913055555556,,0,1,0.000105041032204297,0.000369544406661253,0.00627239352181072,0.00143030209529975,0.131660202413604,0.010248952736953,1,1,1,,0.9,9,9,9,9,0.00362119574753635,0.00164210839605698,0,0,0,,"summary-fit-mplus-k4"
9,10,9,"alpha[18,1]",0.178827522816263,"BMLVAR-Default",200,200,1,"Posterior",0.183087777777778,0.0118499030152521,,,0.1598355,0.206323416666667,,0,1,8.62861951766145e-05,0.00426025496151443,0.0238232621825872,0.00309470594754175,0.353470735565186,0.00928903628890611,1,1,1,,0.9,9,9,9,9,0.00291839902257013,0.00196714170179976,0,0,0,,"summary-fit-mplus-k4"
9,10,9,"alpha[19,1]",0.0816675676989318,"BMLVAR-Default",200,200,1,"Posterior",0.0803405555555555,0.0119757746153435,,,0.0568676666666667,0.103839055555556,,0,0.888888888888889,0.000176066397031137,-0.00132701214337628,-0.0162489490108035,-0.00202756838830312,-0.144791739213638,0.0132690013577186,0.888888888888889,1,1,,0.9,9,9,9,9,0.00466778100121553,0.00386043668041511,0.104756560175785,0,0,,"summary-fit-mplus-k4"
9,10,9,"alpha[20,1]",0.393131974115063,"BMLVAR-Default",200,200,1,"Posterior",0.394299444444444,0.0119705785552207,,,0.370723222222222,0.417709055555556,,0,1,8.42015338835674e-05,0.00116747032938193,0.00296966516653829,0.00231690747745045,0.240002736656902,0.00917613937795015,1,1,1,,0.9,9,9,9,9,0.00321789035925675,0.00279425252580877,0,0,0,,"summary-fit-mplus-k4"
9,10,9,"tau_sqr[1,1]",0.025,"BMLVAR-Default",200,200,1,"Posterior",0.0249766666666667,0.00415275625528955,,,0.0179744166666667,0.0342389166666667,,0,1,1.41306777777778e-05,-2.33333333333347e-05,-0.000933333333333388,0.00016572728624506,0.0415666120140524,0.00375907937902058,1,1,1,,0.9,9,9,9,9,0.00132900965634816,0.000267938182034253,0,0,0,,"summary-fit-mplus-k4"
9,10,9,"tau_sqr[2,2]",0.025,"BMLVAR-Default",200,200,1,"Posterior",0.0251233333333333,0.00393564897628044,,,0.0184566388888889,0.0338456944444444,,0,1,9.12796666666667e-06,0.000123333333333331,0.00493333333333326,0.000733797949140041,0.229179291266216,0.00302125249965419,1,1,1,,0.9,9,9,9,9,0.00106728367571347,0.000824245278088585,0,0,0,,"summary-fit-mplus-k4"
9,10,9,"tau_sqr[3,3]",0.025,"BMLVAR-Default",200,200,1,"Posterior",0.0294366666666667,0.00434623307028436,,,0.0220755555555556,0.0390789166666667,,0,0.777777777777778,3.24918111111111e-05,0.00443666666666666,0.177466666666667,0.000550343846400186,0.144984169437127,0.00570015886718178,0.777777777777778,1,1,,0.9,9,9,9,9,0.00126529640796139,0.00121051956994694,0.13857990321385,0,0,,"summary-fit-mplus-k4"
9,10,9,"tau_sqr[4,4]",0.025,"BMLVAR-Default",200,200,1,"Posterior",0.0239338888888889,0.00440681284711211,,,0.01648775,0.0337300277777778,,0,0.888888888888889,2.10229694444445e-05,-0.00106611111111111,-0.0426444444444445,-0.000323110366969823,-0.0683119687879623,0.00458508118188157,0.888888888888889,1,1,,0.9,9,9,9,9,0.00157664107136064,0.00107544677902795,0.104756560175785,0,0,,"summary-fit-mplus-k4"
9,10,9,"tau_sqr[5,5]",0.024355403139832,"BMLVAR-Default",200,200,1,"Posterior",0.0242477777777778,0.0028814353016114,,,0.01934775,0.0306322777777778,,0,0.888888888888889,7.50191161361903e-06,-0.000107625362054189,-0.00441895219045558,-2.14287056139553e-05,-0.0073819185330826,0.00273896177658963,0.888888888888889,1,1,,0.9,9,9,9,9,0.000967621335741785,0.000568651087305872,0.104756560175785,0,0,,"summary-fit-mplus-k4"
9,10,9,"tau_sqr[6,6]",0.0247574651591533,"BMLVAR-Default",200,200,1,"Posterior",0.0250988888888889,0.00299542373513309,,,0.0200166388888889,0.0317478888888889,,0,1,6.66791337310308e-06,0.000341423729735564,0.0137907385728192,0.000280601252702407,0.103358968963294,0.00258223030984904,1,1,1,,0.9,9,9,9,9,0.000904940827476895,0.000783938578565703,0,0,0,,"summary-fit-mplus-k4"
9,10,9,"tau_sqr[7,7]",0.0247804672618661,"BMLVAR-Default",200,200,1,"Posterior",0.0253644444444444,0.00303711004425519,,,0.0201966111111111,0.0320867222222222,,0,1,7.01043181890798e-06,0.000583977182578377,0.0235660278883055,0.000297935391594686,0.108768307747484,0.00264772200559424,1,1,1,,0.9,9,9,9,9,0.000913058217553501,0.000527180873858929,0,0,0,,"summary-fit-mplus-k4"
9,10,9,"tau_sqr[8,8]",0.0247684686383005,"BMLVAR-Default",200,200,1,"Posterior",0.0248277777777778,0.00297497629479522,,,0.0197910833333333,0.0314289166666667,,0,1,9.08075708019837e-06,5.93091394772281e-05,0.00239454204227692,-0.000220629194692559,-0.0690414368789695,0.00301342945498951,1,1,1,,0.9,9,9,9,9,0.00106520182982926,0.000395645345343365,0,0,0,,"summary-fit-mplus-k4"
9,10,9,"tau_sqr[9,9]",0.0246885487838448,"BMLVAR-Default",200,200,1,"Posterior",0.0237061111111111,0.00288089791159179,,,0.0188022222222222,0.0300856111111111,,0,1,4.32310476846078e-06,-0.000982437672733726,-0.0397932531934235,0.000937277292460809,0.482232634926396,0.00207920772614493,1,1,1,,0.9,9,9,9,9,0.000647873539710328,0.000361002597518639,0,0,0,,"summary-fit-mplus-k4"
9,10,9,"tau_sqr[10,10]",0.0244166728687642,"BMLVAR-Default",200,200,1,"Posterior",0.0244722222222222,0.00292755295415821,,,0.0194988888888889,0.0309600277777778,,0,1,4.52323634795356e-06,5.55493534580221e-05,0.00227505826680773,0.000672520926792644,0.298231208528916,0.00212679015136744,1,1,1,,0.9,9,9,9,9,0.000751677342455188,0.000481163551972839,0,0,0,,"summary-fit-mplus-k4"
9,10,9,"tau_sqr[11,11]",0.0248008937950689,"BMLVAR-Default",200,200,1,"Posterior",0.0261866666666667,0.0031392400201688,,,0.0208577222222222,0.0331533333333333,,0,1,7.51485534054513e-06,0.00138577287159773,0.0558759245956395,0.000630495314145491,0.251319041204837,0.00274132364753692,1,1,1,,0.9,9,9,9,9,0.000836248235341105,0.000362545768229665,0,0,0,,"summary-fit-mplus-k4"
9,10,9,"tau_sqr[12,12]",0.0246954254661911,"BMLVAR-Default",200,200,1,"Posterior",0.0256588888888889,0.00307259728581257,,,0.0204287777777778,0.0324733611111111,,0,0.888888888888889,1.8498582754531e-05,0.000963463422697831,0.0390138418152321,-0.00137336842605601,-0.308902163233014,0.00430099787892658,0.888888888888889,1,1,,0.9,9,9,9,9,0.00148198857062286,0.00144459453322627,0.104756560175785,0,0,,"summary-fit-mplus-k4"
9,10,9,"tau_sqr[13,13]",0.0247664950452711,"BMLVAR-Default",200,200,1,"Posterior",0.0243494444444444,0.00295191165033627,,,0.0193443888888889,0.0309056111111111,,0,0.777777777777778,1.69572225616746e-05,-0.000417050600826665,-0.0168393064930799,-0.0013933389497762,-0.32065790399756,0.00411791483176554,0.777777777777778,1,1,,0.9,9,9,9,9,0.00144841686670416,0.00057308625906282,0.13857990321385,0,0,,"summary-fit-mplus-k4"
9,10,9,"tau_sqr[14,14]",0.0248000465669856,"BMLVAR-Default",200,200,1,"Posterior",0.0249133333333333,0.00301140258360559,,,0.0198044444444444,0.0315667222222222,,0,1,6.08627833587396e-06,0.000113286766347688,0.00456800619473425,0.000397473548608661,0.15205980854378,0.00246703837340929,1,1,1,,0.9,9,9,9,9,0.000871309678332311,0.000458740775158436,0,0,0,,"summary-fit-mplus-k4"
9,10,9,"tau_sqr[15,15]",0.024567703060877,"BMLVAR-Default",200,200,1,"Posterior",0.0253977777777778,0.00304445772130652,,,0.0202366666666667,0.0321588888888889,,0,1,4.73168576403302e-06,0.000830074716900808,0.0337872333788773,0.000911854981824913,0.427578453756731,0.00217524384013219,1,1,1,,0.9,9,9,9,9,0.000710867579827201,0.000402495360542669,0,0,0,,"summary-fit-mplus-k4"
9,10,9,"tau_sqr[16,16]",0.0248383760983694,"BMLVAR-Default",200,200,1,"Posterior",0.0222511111111111,0.00273589631712795,,,0.0176088611111111,0.0283066666666667,,0,0.888888888888889,1.24985499908359e-05,-0.00258726498725829,-0.104164015272647,0.000180473434098388,0.0706237058832427,0.003535328837723,0.888888888888889,1,1,,0.9,9,9,9,9,0.00085180762767652,0.000661138229844475,0.104756560175785,0,0,,"summary-fit-mplus-k4"
9,10,9,"tau_sqr[17,17]",0.0245238340991058,"BMLVAR-Default",200,200,1,"Posterior",0.0261,0.00307349980145126,,,0.0208722222222222,0.0328977777777778,,0,0.888888888888889,9.12174339158601e-06,0.00157616590089418,0.0642707781550215,0.000340895732069825,0.124751234871355,0.0030202224076359,0.888888888888889,1,1,,0.9,9,9,9,9,0.000910868023127146,0.0010033948959902,0.104756560175785,0,0,,"summary-fit-mplus-k4"
9,10,9,"tau_sqr[18,18]",0.0246174589840405,"BMLVAR-Default",200,200,1,"Posterior",0.0239466666666667,0.00284083096030229,,,0.0191166666666667,0.03023225,,0,1,6.7458512219367e-06,-0.000670792317373875,-0.0272486416168602,0.000179463830423358,0.0674329476788579,0.00259727765591912,1,1,1,,0.9,9,9,9,9,0.000887122376626309,0.000444967814173388,0,0,0,,"summary-fit-mplus-k4"
9,10,9,"tau_sqr[19,19]",0.0246119045787222,"BMLVAR-Default",200,200,1,"Posterior",0.0246661111111111,0.00292595526464022,,,0.0196911111111111,0.0311488888888889,,0,1,8.75824822469683e-06,5.42065323888737e-05,0.00220245175319496,-0.000212471667934615,-0.0677000524464331,0.00295943376758069,1,1,1,,0.9,9,9,9,9,0.00104614231085828,0.000584402329774297,0,0,0,,"summary-fit-mplus-k4"
9,10,9,"tau_sqr[20,20]",0.0239908393088852,"BMLVAR-Default",200,200,1,"Posterior",0.0243966666666667,0.00287296595661194,,,0.0195177777777778,0.0307655833333333,,0,1,2.04962917765721e-06,0.000405827357781461,0.0169159299746199,0.00141675512022869,0.972905217315544,0.0014316526036917,1,1,1,,0.9,9,9,9,9,0.000485403612127749,0.000286726206179151,0,0,0,,"summary-fit-mplus-k4"
9,10,9,"alpha[1,1]",0,"BMLVAR-Priors",200,200,1,"Posterior",-0.00861222222222222,0.0158396444629014,,,-0.0396569166666667,0.0224245833333333,,1,1,0.000338574872222222,-0.00861222222222222,,-0.00140724114564962,-0.0815939281786567,0.0184004041320353,1,0,,0,0.9,9,9,9,9,0.00574896186951701,0.00192696666772983,0,0,,0,"summary-fit-mplus-k4-priors"
9,10,9,"alpha[2,1]",0,"BMLVAR-Priors",200,200,1,"Posterior",-0.000664444444444445,0.0155147412791886,,,-0.0311779444444444,0.0298345833333333,,1,1,0.000119319311111111,-0.000664444444444445,,0.00395024592583324,0.341583943365683,0.0109233379106897,1,0,,0,0.9,9,9,9,9,0.00385483178445179,0.00193716811338511,0,0,,0,"summary-fit-mplus-k4-priors"
9,10,9,"alpha[3,1]",0,"BMLVAR-Priors",200,200,1,"Posterior",0.00338222222222222,0.0156543089566008,,,-0.0271869444444444,0.0341068888888889,,1,1,9.72993111111111e-05,0.00338222222222222,,0.0058261672479946,0.592804562727541,0.00986404131738666,1,0,,0,0.9,9,9,9,9,0.00327604723620206,0.00146745898811658,0,0,,0,"summary-fit-mplus-k4-priors"
9,10,9,"alpha[4,1]",0,"BMLVAR-Priors",200,200,1,"Posterior",0.0136511111111111,0.0168614339946431,,,-0.0193790277777778,0.0467523611111111,,0.888888888888889,0.888888888888889,0.000356792977777778,0.0136511111111111,,0.00301422629377032,0.217677553401638,0.0188889644442933,0.888888888888889,0.111111111111111,,0.111111111111111,0.9,9,9,9,9,0.00461573590029093,0.00458002904434906,0.104756560175785,0.104756560175785,,0.104756560175785,"summary-fit-mplus-k4-priors"
9,10,9,"alpha[5,1]",0.39487730015829,"BMLVAR-Priors",200,200,1,"Posterior",0.393449444444444,0.0118109231612036,,,0.370165444444444,0.416486833333333,,0,1,9.6171074408697e-05,-0.00142785571384559,-0.00361594782296481,0.0015202069432828,0.147726058234453,0.00980668518963962,1,1,1,,0.9,9,9,9,9,0.00343023873930692,0.00151465585395213,0,0,0,,"summary-fit-mplus-k4-priors"
9,10,9,"alpha[6,1]",0.0524495944105686,"BMLVAR-Priors",200,200,1,"Posterior",0.0505633333333333,0.0119894571027898,,,0.0270521388888889,0.0741511944444444,,0,1,0.000129250019740382,-0.00188626107723528,-0.0359633110309656,9.81348991826551e-05,0.00825264823392699,0.011368817869083,1,1,1,,0.9,9,9,9,9,0.00396377406786904,0.00278382893416923,0,0,0,,"summary-fit-mplus-k4-priors"
9,10,9,"alpha[7,1]",0.124933589626799,"BMLVAR-Priors",200,200,1,"Posterior",0.129878333333333,0.0120821546449794,,,0.106227722222222,0.153585777777778,,0,1,0.000189089390323309,0.0049447437065341,0.0395789772894944,-0.00152735535722129,-0.112227064528724,0.0137509777951718,1,1,1,,0.9,9,9,9,9,0.00453650333406689,0.00201155555212415,0,0,0,,"summary-fit-mplus-k4-priors"
9,10,9,"alpha[8,1]",0.17897236563531,"BMLVAR-Priors",200,200,1,"Posterior",0.183274444444444,0.0119455109563353,,,0.15982875,0.20678225,,0,1,0.000117589373438032,0.00430207880913484,0.0240376708094765,0.00138773288622146,0.131441755737388,0.0108438634000079,1,1,1,,0.9,9,9,9,9,0.00351925935670463,0.00196110290645451,0,0,0,,"summary-fit-mplus-k4-priors"
9,10,9,"alpha[9,1]",0.128225544115233,"BMLVAR-Priors",200,200,1,"Posterior",0.132883888888889,0.0117053433611953,,,0.109968694444444,0.155845694444444,,0,1,9.47388747956811e-05,0.00465834477365609,0.0363293040072403,0.00264065714979717,0.291312582500292,0.00973338968682962,1,1,1,,0.9,9,9,9,9,0.00302156207046604,0.00159977911298028,0,0,0,,"summary-fit-mplus-k4-priors"
9,10,9,"alpha[10,1]",0.295050499001833,"BMLVAR-Priors",200,200,1,"Posterior",0.293063888888889,0.0119995351642614,,,0.269408722222222,0.316517888888889,,0,0.888888888888889,0.000172427551839617,-0.001986610112944,-0.00673311897341227,-0.00176785560563802,-0.128408907336545,0.0131311671925849,0.888888888888889,1,1,,0.9,9,9,9,9,0.00458913025663313,0.00238129031370481,0.104756560175785,0,0,,"summary-fit-mplus-k4-priors"
9,10,9,"alpha[11,1]",0.113646061146805,"BMLVAR-Priors",200,200,1,"Posterior",0.116951666666667,0.0122998809392375,,,0.092851,0.141106777777778,,0,1,0.000114320894519603,0.00330560551986118,0.029086846358811,0.00151479401330125,0.140452647596047,0.0106920949546664,1,1,1,,0.9,9,9,9,9,0.00359502897531207,0.00272839556859134,0,0,0,,"summary-fit-mplus-k4-priors"
9,10,9,"alpha[12,1]",0.188879092384969,"BMLVAR-Priors",200,200,1,"Posterior",0.186324444444444,0.0119725054522017,,,0.162800972222222,0.209754472222222,,0,0.888888888888889,0.000157314295235829,-0.00255464794052455,-0.0135253082184328,-0.00105195529585916,-0.0807676660253114,0.012542499560926,0.888888888888889,1,1,,0.9,9,9,9,9,0.00434148691602028,0.00335281735475385,0.104756560175785,0,0,,"summary-fit-mplus-k4-priors"
9,10,9,"alpha[13,1]",0.113852554013382,"BMLVAR-Priors",200,200,1,"Posterior",0.120233888888889,0.0121867915277832,,,0.09630875,0.144106833333333,,0,0.888888888888889,0.000194365233558793,0.00638133487550695,0.0560491148468826,-0.000960423904052951,-0.0730515072969194,0.0139414932327493,0.888888888888889,1,1,,0.9,9,9,9,9,0.00438240514394539,0.00330761211730419,0.104756560175785,0,0,,"summary-fit-mplus-k4-priors"
9,10,9,"alpha[14,1]",0.148053972254809,"BMLVAR-Priors",200,200,1,"Posterior",0.147128888888889,0.0120261168866411,,,0.123577555555556,0.17079125,,0,1,0.000160677789110445,-0.000925083365919985,-0.0062482846750499,-0.00138282643903187,-0.103127174561495,0.01267587429373,1,1,1,,0.9,9,9,9,9,0.00446964777522434,0.00198932594641535,0,0,0,,"summary-fit-mplus-k4-priors"
9,10,9,"alpha[15,1]",0.295940451702769,"BMLVAR-Priors",200,200,1,"Posterior",0.295387777777778,0.0119496146052348,,,0.271872083333333,0.318721194444444,,0,1,9.491331019576e-05,-0.000552673924990939,-0.00186751733942078,0.00163293663001213,0.158281244595781,0.00974234623670089,1,1,1,,0.9,9,9,9,9,0.00343889265840756,0.00218668272268653,0,0,0,,"summary-fit-mplus-k4-priors"
9,10,9,"alpha[16,1]",0.131802437263662,"BMLVAR-Priors",200,200,1,"Posterior",0.130837777777778,0.0116919129893575,,,0.107995416666667,0.153865777777778,,0,1,0.000178502740763213,-0.000964659485884642,-0.00731898063428752,-0.00244204238217405,-0.172778413259518,0.013360491785979,1,1,1,,0.9,9,9,9,9,0.00471131845717717,0.00197599004079744,0,0,0,,"summary-fit-mplus-k4-priors"
9,10,9,"alpha[17,1]",0.0589160111488943,"BMLVAR-Priors",200,200,1,"Posterior",0.0594444444444444,0.0121961635088304,,,0.0354432777777778,0.0834068888888889,,0,1,0.000110000749772537,0.000528433295550142,0.00896926464038222,0.00108595664631983,0.097744052811851,0.0104881242256438,1,1,1,,0.9,9,9,9,9,0.00370340228750354,0.00166874396688248,0,0,0,,"summary-fit-mplus-k4-priors"
9,10,9,"alpha[18,1]",0.178827522816263,"BMLVAR-Priors",200,200,1,"Posterior",0.182965555555556,0.0115426083738033,,,0.160304305555556,0.205612416666667,,0,1,8.43091174205899e-05,0.0041380327392922,0.0231397979132319,0.00284870086464624,0.327666341244806,0.00918199964172238,1,1,1,,0.9,9,9,9,9,0.00289796916971903,0.00196002358789322,0,0,0,,"summary-fit-mplus-k4-priors"
9,10,9,"alpha[19,1]",0.0816675676989318,"BMLVAR-Priors",200,200,1,"Posterior",0.07879,0.0119185333257584,,,0.0554098333333333,0.102185638888889,,0,0.888888888888889,0.000142842929195269,-0.00287756769893184,-0.0352351340931325,-0.00038524048555659,-0.031310758102714,0.0119516914784172,0.888888888888889,1,1,,0.9,9,9,9,9,0.00410125793710499,0.00429863641541878,0.104756560175785,0,0,,"summary-fit-mplus-k4-priors"
9,10,9,"alpha[20,1]",0.393131974115063,"BMLVAR-Priors",200,200,1,"Posterior",0.394448888888889,0.0118685184165673,,,0.371176527777778,0.417622333333333,,0,0.888888888888889,8.28109855091764e-05,0.00131691477382638,0.00334980327354636,0.00231805711299089,0.242716769306508,0.00910005414869474,0.888888888888889,1,1,,0.9,9,9,9,9,0.00318348710119215,0.00284149909933794,0.104756560175785,0,0,,"summary-fit-mplus-k4-priors"
9,10,9,"tau_sqr[1,1]",0.025,"BMLVAR-Priors",200,200,1,"Posterior",0.0245355555555556,0.00401250763915661,,,0.0177488611111111,0.0334545,,0,1,1.223895e-05,-0.000464444444444446,-0.0185777777777778,0.000334716654369982,0.0910102438541382,0.00349842107242682,1,1,1,,0.9,9,9,9,9,0.00122593032826221,0.000426083338081976,0,0,0,,"summary-fit-mplus-k4-priors"
9,10,9,"tau_sqr[2,2]",0.025,"BMLVAR-Priors",200,200,1,"Posterior",0.0246911111111111,0.00382101440327022,,,0.01823,0.0331556111111111,,0,1,5.506e-06,-0.000308888888888891,-0.0123555555555556,0.00135384778726896,0.548745990030968,0.00234648673552611,1,1,1,,0.9,9,9,9,9,0.00082238887200042,0.000687963998943603,0,0,0,,"summary-fit-mplus-k4-priors"
9,10,9,"tau_sqr[3,3]",0.025,"BMLVAR-Priors",200,200,1,"Posterior",0.0281733333333333,0.00409101348166355,,,0.0212188888888889,0.0372078333333333,,0,0.888888888888889,2.32459333333333e-05,0.00317333333333333,0.126933333333333,0.00024096478067287,0.0625874630133552,0.00482140366836602,0.888888888888889,1,1,,0.9,9,9,9,9,0.00128334956699689,0.00110303932442645,0.104756560175785,0,0,,"summary-fit-mplus-k4-priors"
9,10,9,"tau_sqr[4,4]",0.025,"BMLVAR-Priors",200,200,1,"Posterior",0.0224311111111111,0.00416117470208785,,,0.0153699722222222,0.0316600555555556,,0,0.888888888888889,2.36173333333333e-05,-0.00256888888888889,-0.102755555555556,-0.000214372247850074,-0.0489932459422278,0.00485976679824591,0.888888888888889,1,1,,0.9,9,9,9,9,0.00145851564997931,0.00124631164435039,0.104756560175785,0,0,,"summary-fit-mplus-k4-priors"
9,10,9,"tau_sqr[5,5]",0.024355403139832,"BMLVAR-Priors",200,200,1,"Posterior",0.02344,0.00275153731662236,,,0.0187721944444444,0.0295444444444444,,0,0.888888888888889,8.06011846396978e-06,-0.000915403139831966,-0.0375852181372795,-9.88880902248373e-05,-0.0346923971373857,0.00283903477681584,0.888888888888889,1,1,,0.9,9,9,9,9,0.000950141802282398,0.000590049793636891,0.104756560175785,0,0,,"summary-fit-mplus-k4-priors"
9,10,9,"tau_sqr[6,6]",0.0247574651591533,"BMLVAR-Priors",200,200,1,"Posterior",0.0241988888888889,0.00286045716945751,,,0.01932775,0.0305422222222222,,0,1,7.37917288180129e-06,-0.000558576270264436,-0.0225619330037881,4.07832324372873e-05,0.014463811542829,0.00271646330396737,1,1,1,,0.9,9,9,9,9,0.000939891312340074,0.000664048857081821,0,0,0,,"summary-fit-mplus-k4-priors"
9,10,9,"tau_sqr[7,7]",0.0247804672618661,"BMLVAR-Priors",200,200,1,"Posterior",0.0246233333333333,0.00290897893918538,,,0.0196611111111111,0.0310511111111111,,0,0.888888888888889,6.25229107149613e-06,-0.000157133928532734,-0.00634103977427994,0.000262084532526894,0.0990158624641762,0.00250045817231485,0.888888888888889,1,1,,0.9,9,9,9,9,0.00088229813555283,0.000625476262911954,0.104756560175785,0,0,,"summary-fit-mplus-k4-priors"
9,10,9,"tau_sqr[8,8]",0.0247684686383005,"BMLVAR-Priors",200,200,1,"Posterior",0.0241422222222222,0.00285549461504656,,,0.0192788888888889,0.0304489444444444,,0,1,9.05789074649045e-06,-0.000626246416078328,-0.0252840183712422,-0.000266831351992191,-0.0854591592322621,0.00300963299199262,1,1,1,,0.9,9,9,9,9,0.00104077532234625,0.000402293838617477,0,0,0,,"summary-fit-mplus-k4-priors"
9,10,9,"tau_sqr[9,9]",0.0246885487838448,"BMLVAR-Priors",200,200,1,"Posterior",0.0228011111111111,0.00273584094364443,,,0.01813775,0.0288511388888889,,0,1,5.90236417833105e-06,-0.00188743767273373,-0.0764499237787839,0.00111336255823798,0.686211026447092,0.00242947816996388,1,1,1,,0.9,9,9,9,9,0.000540826128468816,0.000439983070453668,0,0,0,,"summary-fit-mplus-k4-priors"
9,10,9,"tau_sqr[10,10]",0.0244166728687642,"BMLVAR-Priors",200,200,1,"Posterior",0.0240144444444444,0.00283159650471008,,,0.0191788611111111,0.0302723055555556,,0,1,3.74954573002211e-06,-0.000402228424319755,-0.0164735149003171,0.00082255997498301,0.409430073974194,0.00193637437754741,1,1,1,,0.9,9,9,9,9,0.000669678843242356,0.000397137980757046,0,0,0,,"summary-fit-mplus-k4-priors"
9,10,9,"tau_sqr[11,11]",0.0248008937950689,"BMLVAR-Priors",200,200,1,"Posterior",0.0256033333333333,0.00301790235264975,,,0.0204732777777778,0.0322844444444444,,0,1,6.4862203236811e-06,0.000802439538264402,0.0323552669067091,0.000454194100917506,0.177162943798545,0.00254680590616582,1,1,1,,0.9,9,9,9,9,0.000854569417244082,0.000366086626315903,0,0,0,,"summary-fit-mplus-k4-priors"
9,10,9,"tau_sqr[12,12]",0.0246954254661911,"BMLVAR-Priors",200,200,1,"Posterior",0.0241711111111111,0.0028773543051118,,,0.0192888888888889,0.0305556388888889,,0,1,6.69082653059722e-06,-0.000524314355079947,-0.0212312339302578,0.000190737266695063,0.0709953312912314,0.00258666320393615,1,1,1,,0.9,9,9,9,9,0.000895539012805579,0.000581070919383372,0,0,0,,"summary-fit-mplus-k4-priors"
9,10,9,"tau_sqr[13,13]",0.0247664950452711,"BMLVAR-Priors",200,200,1,"Posterior",0.0250633333333333,0.00297409622515108,,,0.0199811111111111,0.0316245,,0,0.777777777777778,2.13428685248153e-05,0.000296838288062224,0.0119854782648747,-0.00191585264983729,-0.391794004153437,0.00461983425295922,0.777777777777778,1,1,,0.9,9,9,9,9,0.00162998295832946,0.000716943487612849,0.13857990321385,0,0,,"summary-fit-mplus-k4-priors"
9,10,9,"tau_sqr[14,14]",0.0248000465669856,"BMLVAR-Priors",200,200,1,"Posterior",0.0241577777777778,0.00288269636950165,,,0.0192455,0.0305366666666667,,0,1,5.94819314820782e-06,-0.000642268789207867,-0.0258978864202162,0.000387171485946205,0.155146313506035,0.00243889178689991,1,1,1,,0.9,9,9,9,9,0.000831841627851817,0.00037965047428094,0,0,0,,"summary-fit-mplus-k4-priors"
9,10,9,"tau_sqr[15,15]",0.024567703060877,"BMLVAR-Priors",200,200,1,"Posterior",0.0237666666666667,0.00281861387061308,,,0.0189688333333333,0.0300023055555556,,0,0.888888888888889,8.719014860405e-06,-0.000801036394210303,-0.0326052619663057,-0.000195855402741683,-0.0649717694828975,0.00295279780215392,0.888888888888889,1,1,,0.9,9,9,9,9,0.00100482309111825,0.000886247222162142,0.104756560175785,0,0,,"summary-fit-mplus-k4-priors"
9,10,9,"tau_sqr[16,16]",0.0248383760983694,"BMLVAR-Priors",200,200,1,"Posterior",0.0225866666666667,0.00272239427787575,,,0.0179377777777778,0.0285977777777778,,0,1,1.00721286981524e-05,-0.00225170943170274,-0.0906544543324859,0.000350227546804764,0.147640358587545,0.00317366171766186,1,1,1,,0.9,9,9,9,9,0.000790722243690328,0.000523755426062168,0,0,0,,"summary-fit-mplus-k4-priors"
9,10,9,"tau_sqr[17,17]",0.0245238340991058,"BMLVAR-Priors",200,200,1,"Posterior",0.0255966666666667,0.00297443262043455,,,0.0205322222222222,0.0321756388888889,,0,0.888888888888889,6.63643638468587e-06,0.00107283256756085,0.0437465268777024,0.000490252675261499,0.19734990462913,0.00257612817706842,0.888888888888889,1,1,,0.9,9,9,9,9,0.000828059981724351,0.000894473733896433,0.104756560175785,0,0,,"summary-fit-mplus-k4-priors"
9,10,9,"tau_sqr[18,18]",0.0246174589840405,"BMLVAR-Priors",200,200,1,"Posterior",0.02237,0.00263660094623778,,,0.0178644166666667,0.028179,,0,1,8.03276077383343e-06,-0.00224745898404054,-0.0912953276573982,0.000805098830486887,0.439583893222425,0.00283421254916307,1,1,1,,0.9,9,9,9,9,0.000610500705250298,0.000385421710495588,0,0,0,,"summary-fit-mplus-k4-priors"
9,10,9,"tau_sqr[19,19]",0.0246119045787222,"BMLVAR-Priors",200,200,1,"Posterior",0.0243877777777778,0.00284338034126621,,,0.0195344444444444,0.0306811111111111,,0,0.888888888888889,8.32205010685221e-06,-0.00022412680094446,-0.00910643872470659,-0.000207159683785825,-0.0679091839754803,0.00288479637181764,0.888888888888889,1,1,,0.9,9,9,9,9,0.00101684667501734,0.000594958224488514,0.104756560175785,0,0,,"summary-fit-mplus-k4-priors"
9,10,9,"tau_sqr[20,20]",0.0239908393088852,"BMLVAR-Priors",200,200,1,"Posterior",0.0238833333333333,0.00277095724486337,,,0.0191566388888889,0.0300033611111111,,0,1,2.3192019792238e-06,-0.000107505975551872,-0.00448112607348656,0.00115971548770835,0.719765039950346,0.00152289263548807,1,1,1,,0.9,9,9,9,9,0.00053708058571834,0.000384881366582229,0,0,0,,"summary-fit-mplus-k4-priors"
