"taskid","k","n","time","heterogeneity","runtime_component","scope","replications_used","mean_seconds","sd_seconds","median_seconds","q25_seconds","q75_seconds","min_seconds","max_seconds"
1,2,50,50,1,"MetaVAR","all_attempts",10,36.6009606599808,45.0548249356081,8.74519884586334,8.51523673534393,71.7077613472939,8.08682775497437,109.476389408112
1,2,50,50,1,"MetaVAR Total","all_attempts",10,60.6857931137085,45.0043807612035,33.7153143882751,32.7401162981987,95.1534585952759,31.257563829422,133.381076812744
1,2,50,50,1,"Mplus DSEM Alternative Priors","all_attempts",10,272.354562115669,4.3642008685775,270.358058214188,269.509074091911,274.663489460945,267.606835842133,280.799745321274
1,2,50,50,1,"Mplus DSEM Default","all_attempts",10,270.81789457798,5.40129676545191,272.501117348671,267.665642738342,274.823215603828,261.123441457748,276.639118671417
1,2,50,50,1,"Stage 1","all_attempts",10,24.0848324537277,0.864272891803628,23.9777261018753,23.5306342244148,24.5481966137886,22.7861185073853,25.8134686946869
1,2,50,50,1,"Uncertainty-Uncorrected","all_attempts",10,1.04097483158112,0.0740197998782577,1.04204535484314,0.982760310173035,1.06856149435043,0.958129644393921,1.19823718070984
1,2,50,50,1,"Uncertainty-Uncorrected Total","all_attempts",10,25.1258072853088,0.921405311853513,25.0582321882248,24.5717596411705,25.5652142763138,23.7442481517792,27.0117058753967
1,2,50,50,1,"MetaVAR","successful",10,36.6009606599808,45.0548249356081,8.74519884586334,8.51523673534393,71.7077613472939,8.08682775497437,109.476389408112
1,2,50,50,1,"MetaVAR Total","successful",10,60.6857931137085,45.0043807612035,33.7153143882751,32.7401162981987,95.1534585952759,31.257563829422,133.381076812744
1,2,50,50,1,"Mplus DSEM Alternative Priors","successful",10,272.354562115669,4.3642008685775,270.358058214188,269.509074091911,274.663489460945,267.606835842133,280.799745321274
1,2,50,50,1,"Mplus DSEM Default","successful",10,270.81789457798,5.40129676545191,272.501117348671,267.665642738342,274.823215603828,261.123441457748,276.639118671417
1,2,50,50,1,"Stage 1","successful",10,24.0848324537277,0.864272891803628,23.9777261018753,23.5306342244148,24.5481966137886,22.7861185073853,25.8134686946869
1,2,50,50,1,"Uncertainty-Uncorrected","successful",10,1.04097483158112,0.0740197998782577,1.04204535484314,0.982760310173035,1.06856149435043,0.958129644393921,1.19823718070984
1,2,50,50,1,"Uncertainty-Uncorrected Total","successful",10,25.1258072853088,0.921405311853513,25.0582321882248,24.5717596411705,25.5652142763138,23.7442481517792,27.0117058753967
2,2,100,50,1,"MetaVAR","all_attempts",10,17.2000267744064,0.639738950501511,16.963080406189,16.833880841732,17.4308762550354,16.5278112888336,18.7633972167969
2,2,100,50,1,"MetaVAR Total","all_attempts",10,65.9901076793671,1.03025050534583,65.823274731636,65.3529942631721,66.4858804941177,64.4511940479279,68.0289235115051
2,2,100,50,1,"Mplus DSEM Alternative Priors","all_attempts",10,597.802650380135,11.9874699385039,594.04159963131,591.37633138895,606.797378599644,578.028326749802,614.876292943954
2,2,100,50,1,"Mplus DSEM Default","all_attempts",10,603.932624316216,9.27295610732322,603.522717237473,598.826745986938,608.094432294369,588.00683093071,619.482369661331
2,2,100,50,1,"Stage 1","all_attempts",10,48.7900809049606,0.897466000814393,48.8529651165009,48.4987779855728,49.2576125264168,46.8508958816528,50.2375423908234
2,2,100,50,1,"Uncertainty-Uncorrected","all_attempts",10,2.17264375686646,0.181677514510848,2.16716599464417,2.01396912336349,2.31846070289612,1.94626498222351,2.4489917755127
2,2,100,50,1,"Uncertainty-Uncorrected Total","all_attempts",10,50.9627246618271,0.966240352968346,50.8944197893143,50.6958838701248,51.4889274835587,48.970410823822,52.6022038459778
2,2,100,50,1,"MetaVAR","successful",10,17.2000267744064,0.639738950501511,16.963080406189,16.833880841732,17.4308762550354,16.5278112888336,18.7633972167969
2,2,100,50,1,"MetaVAR Total","successful",10,65.9901076793671,1.03025050534583,65.823274731636,65.3529942631721,66.4858804941177,64.4511940479279,68.0289235115051
2,2,100,50,1,"Mplus DSEM Alternative Priors","successful",10,597.802650380135,11.9874699385039,594.04159963131,591.37633138895,606.797378599644,578.028326749802,614.876292943954
2,2,100,50,1,"Mplus DSEM Default","successful",10,603.932624316216,9.27295610732322,603.522717237473,598.826745986938,608.094432294369,588.00683093071,619.482369661331
2,2,100,50,1,"Stage 1","successful",10,48.7900809049606,0.897466000814393,48.8529651165009,48.4987779855728,49.2576125264168,46.8508958816528,50.2375423908234
2,2,100,50,1,"Uncertainty-Uncorrected","successful",10,2.17264375686646,0.181677514510848,2.16716599464417,2.01396912336349,2.31846070289612,1.94626498222351,2.4489917755127
2,2,100,50,1,"Uncertainty-Uncorrected Total","successful",10,50.9627246618271,0.966240352968346,50.8944197893143,50.6958838701248,51.4889274835587,48.970410823822,52.6022038459778
3,2,200,50,1,"MetaVAR","all_attempts",10,32.8958251476288,1.82085173785245,32.479940533638,32.0375886559486,33.2153389453888,30.2451374530792,36.622889995575
3,2,200,50,1,"MetaVAR Total","all_attempts",10,131.367178249359,2.92667307767247,132.313017368317,129.739685952663,133.051738917828,124.963341712952,134.680729627609
3,2,200,50,1,"Mplus DSEM Alternative Priors","all_attempts",10,1402.98526015282,21.6047082363624,1405.10787677765,1387.8795671463,1413.81037449837,1371.06341147423,1442.89769697189
3,2,200,50,1,"Mplus DSEM Default","all_attempts",10,1399.03371155262,23.6119395688816,1404.02918541431,1389.92577457428,1416.4448313117,1346.80304121971,1422.5468776226
3,2,200,50,1,"Stage 1","all_attempts",10,98.4713531017303,1.91026108910755,98.0734308958054,97.6907191872597,99.8490879535675,94.7182042598724,101.393413305283
3,2,200,50,1,"Uncertainty-Uncorrected","all_attempts",10,3.77506666183472,0.10030320754455,3.78471076488495,3.67954534292221,3.84552657604218,3.65379929542542,3.95604062080383
3,2,200,50,1,"Uncertainty-Uncorrected Total","all_attempts",10,102.246419763565,1.9892753358718,101.805305123329,101.451640665531,103.778466165066,98.3720035552979,105.243586063385
3,2,200,50,1,"MetaVAR","successful",10,32.8958251476288,1.82085173785245,32.479940533638,32.0375886559486,33.2153389453888,30.2451374530792,36.622889995575
3,2,200,50,1,"MetaVAR Total","successful",10,131.367178249359,2.92667307767247,132.313017368317,129.739685952663,133.051738917828,124.963341712952,134.680729627609
3,2,200,50,1,"Mplus DSEM Alternative Priors","successful",10,1402.98526015282,21.6047082363624,1405.10787677765,1387.8795671463,1413.81037449837,1371.06341147423,1442.89769697189
3,2,200,50,1,"Mplus DSEM Default","successful",10,1399.03371155262,23.6119395688816,1404.02918541431,1389.92577457428,1416.4448313117,1346.80304121971,1422.5468776226
3,2,200,50,1,"Stage 1","successful",10,98.4713531017303,1.91026108910755,98.0734308958054,97.6907191872597,99.8490879535675,94.7182042598724,101.393413305283
3,2,200,50,1,"Uncertainty-Uncorrected","successful",10,3.77506666183472,0.10030320754455,3.78471076488495,3.67954534292221,3.84552657604218,3.65379929542542,3.95604062080383
3,2,200,50,1,"Uncertainty-Uncorrected Total","successful",10,102.246419763565,1.9892753358718,101.805305123329,101.451640665531,103.778466165066,98.3720035552979,105.243586063385
4,2,50,100,1,"MetaVAR","all_attempts",10,101.060207080841,113.017667140444,55.4798640012741,8.75984108448029,180.000937700272,7.91220140457153,279.806795120239
4,2,50,100,1,"MetaVAR Total","all_attempts",10,128.709122014046,113.148522496633,82.6844961643219,36.6977840065956,208.393002450466,34.25475025177,306.85881114006
4,2,50,100,1,"Mplus DSEM Alternative Priors","all_attempts",10,395.988429570198,4.25895848269794,396.862216711044,394.248824059963,397.99246931076,387.418043375015,403.128880977631
4,2,50,100,1,"Mplus DSEM Default","all_attempts",10,397.378144097328,13.6697715835582,397.941552758217,387.485384821892,408.299676954746,375.53284406662,414.397161960602
4,2,50,100,1,"Stage 1","all_attempts",10,27.6489149332047,0.665979229091182,27.9495412111282,27.1852936148643,28.0915589928627,26.3425488471985,28.5201542377472
4,2,50,100,1,"Uncertainty-Uncorrected","all_attempts",10,6.64375681877136,6.01265407201414,5.93881464004517,1.02802419662476,11.5846811532974,0.930698394775391,15.0169134140015
4,2,50,100,1,"Uncertainty-Uncorrected Total","all_attempts",10,34.292671751976,6.12523779103549,34.0922125577927,28.408054292202,39.7089928984642,28.217214345932,41.3594622612
4,2,50,100,1,"MetaVAR","successful",10,101.060207080841,113.017667140444,55.4798640012741,8.75984108448029,180.000937700272,7.91220140457153,279.806795120239
4,2,50,100,1,"MetaVAR Total","successful",10,128.709122014046,113.148522496633,82.6844961643219,36.6977840065956,208.393002450466,34.25475025177,306.85881114006
4,2,50,100,1,"Mplus DSEM Alternative Priors","successful",10,395.988429570198,4.25895848269794,396.862216711044,394.248824059963,397.99246931076,387.418043375015,403.128880977631
4,2,50,100,1,"Mplus DSEM Default","successful",10,397.378144097328,13.6697715835582,397.941552758217,387.485384821892,408.299676954746,375.53284406662,414.397161960602
4,2,50,100,1,"Stage 1","successful",10,27.6489149332047,0.665979229091182,27.9495412111282,27.1852936148643,28.0915589928627,26.3425488471985,28.5201542377472
4,2,50,100,1,"Uncertainty-Uncorrected","successful",10,6.64375681877136,6.01265407201414,5.93881464004517,1.02802419662476,11.5846811532974,0.930698394775391,15.0169134140015
4,2,50,100,1,"Uncertainty-Uncorrected Total","successful",10,34.292671751976,6.12523779103549,34.0922125577927,28.408054292202,39.7089928984642,28.217214345932,41.3594622612
5,2,100,100,1,"MetaVAR","all_attempts",10,50.8323037147522,72.6456959830309,16.7475429773331,16.6668078303337,17.2677313685417,16.3023903369904,210.509575366974
5,2,100,100,1,"MetaVAR Total","all_attempts",10,106.749791383743,72.4421745559265,72.9704749584198,72.4708257913589,74.4207752346992,70.7647476196289,265.125958919525
5,2,100,100,1,"Mplus DSEM Alternative Priors","all_attempts",10,904.006978416443,10.331977808165,904.944764614105,898.045058369637,908.770334005356,884.363815307617,923.492867708206
5,2,100,100,1,"Mplus DSEM Default","all_attempts",10,896.712941408157,23.2845755042411,897.955903053284,883.211725115776,907.489607274532,854.21840262413,930.656915903091
5,2,100,100,1,"Stage 1","all_attempts",10,55.9174876689911,1.05609707066072,55.7651821374893,55.4219825863838,56.5720601677895,54.4623572826385,57.9424426555634
5,2,100,100,1,"Uncertainty-Uncorrected","all_attempts",10,6.51310384273529,5.62773856150814,2.45402812957764,2.31282323598862,11.8234403729439,1.87936544418335,15.7660057544708
5,2,100,100,1,"Uncertainty-Uncorrected Total","all_attempts",10,62.4305915117264,5.63860949264534,59.5852433443069,57.9569226503372,67.4130910038948,56.7640459537506,72.4581398963928
5,2,100,100,1,"MetaVAR","successful",10,50.8323037147522,72.6456959830309,16.7475429773331,16.6668078303337,17.2677313685417,16.3023903369904,210.509575366974
5,2,100,100,1,"MetaVAR Total","successful",10,106.749791383743,72.4421745559265,72.9704749584198,72.4708257913589,74.4207752346992,70.7647476196289,265.125958919525
5,2,100,100,1,"Mplus DSEM Alternative Priors","successful",10,904.006978416443,10.331977808165,904.944764614105,898.045058369637,908.770334005356,884.363815307617,923.492867708206
5,2,100,100,1,"Mplus DSEM Default","successful",10,896.712941408157,23.2845755042411,897.955903053284,883.211725115776,907.489607274532,854.21840262413,930.656915903091
5,2,100,100,1,"Stage 1","successful",10,55.9174876689911,1.05609707066072,55.7651821374893,55.4219825863838,56.5720601677895,54.4623572826385,57.9424426555634
5,2,100,100,1,"Uncertainty-Uncorrected","successful",10,6.51310384273529,5.62773856150814,2.45402812957764,2.31282323598862,11.8234403729439,1.87936544418335,15.7660057544708
5,2,100,100,1,"Uncertainty-Uncorrected Total","successful",10,62.4305915117264,5.63860949264534,59.5852433443069,57.9569226503372,67.4130910038948,56.7640459537506,72.4581398963928
6,2,200,100,1,"MetaVAR","all_attempts",10,200.715643978119,341.849221461779,30.8229079246521,29.2064637541771,249.931657850742,25.8355808258057,1093.97939944267
6,2,200,100,1,"MetaVAR Total","all_attempts",10,308.124990701675,342.711867839882,139.421781778336,137.625589609146,358.036533176899,122.962742328644,1203.68945789337
6,2,200,100,1,"Mplus DSEM Alternative Priors","all_attempts",10,2137.00571243763,181.885965921656,2198.61181724072,2147.08424907923,2228.13846135139,1632.23354959488,2236.45850014687
6,2,200,100,1,"Mplus DSEM Default","all_attempts",10,2222.86358659267,25.4108819783187,2232.27921831608,2217.19523632526,2239.66864854097,2160.14195370674,2242.66675257683
6,2,200,100,1,"Stage 1","all_attempts",10,107.409346723557,3.9297905184676,108.085203766823,107.149730205536,109.379004240036,97.1271615028381,111.713207483292
6,2,200,100,1,"Uncertainty-Uncorrected","all_attempts",10,13.544592165947,2.59173653283379,13.2101265192032,12.8926777243614,13.3943037986755,8.99110007286072,17.8635349273682
6,2,200,100,1,"Uncertainty-Uncorrected Total","all_attempts",10,120.953938889503,4.6592708911112,121.395273447037,120.807786881924,123.208840370178,108.942335605621,125.768577098846
6,2,200,100,1,"MetaVAR","successful",10,200.715643978119,341.849221461779,30.8229079246521,29.2064637541771,249.931657850742,25.8355808258057,1093.97939944267
6,2,200,100,1,"MetaVAR Total","successful",10,308.124990701675,342.711867839882,139.421781778336,137.625589609146,358.036533176899,122.962742328644,1203.68945789337
6,2,200,100,1,"Mplus DSEM Alternative Priors","successful",10,2137.00571243763,181.885965921656,2198.61181724072,2147.08424907923,2228.13846135139,1632.23354959488,2236.45850014687
6,2,200,100,1,"Mplus DSEM Default","successful",10,2222.86358659267,25.4108819783187,2232.27921831608,2217.19523632526,2239.66864854097,2160.14195370674,2242.66675257683
6,2,200,100,1,"Stage 1","successful",10,107.409346723557,3.9297905184676,108.085203766823,107.149730205536,109.379004240036,97.1271615028381,111.713207483292
6,2,200,100,1,"Uncertainty-Uncorrected","successful",10,13.544592165947,2.59173653283379,13.2101265192032,12.8926777243614,13.3943037986755,8.99110007286072,17.8635349273682
6,2,200,100,1,"Uncertainty-Uncorrected Total","successful",10,120.953938889503,4.6592708911112,121.395273447037,120.807786881924,123.208840370178,108.942335605621,125.768577098846
7,2,50,200,1,"MetaVAR","all_attempts",10,64.147637295723,104.587356011173,8.66269683837891,8.47667926549911,82.4303351640701,8.23012900352478,323.655550003052
7,2,50,200,1,"MetaVAR Total","all_attempts",10,99.41417927742,104.373585119297,44.2580658197403,43.8527072668076,117.649260222912,42.9665212631226,358.358288288116
7,2,50,200,1,"Mplus DSEM Alternative Priors","all_attempts",10,650.701850605011,10.4253248762191,652.002642989159,642.588185966015,654.570194959641,636.275980472565,670.135581493378
7,2,50,200,1,"Mplus DSEM Default","all_attempts",10,642.784841108322,14.4029153092806,645.583489179611,639.546170771122,652.006886065006,615.040380716324,659.723760604858
7,2,50,200,1,"Stage 1","all_attempts",10,35.2665419816971,0.472574550208899,35.339723944664,34.8654644489288,35.4876074790955,34.7027382850647,36.160519361496
7,2,50,200,1,"Uncertainty-Uncorrected","all_attempts",10,13.440324473381,2.12388974438797,13.5117855072021,11.538267493248,15.3299958705902,10.9396088123322,16.0215620994568
7,2,50,200,1,"Uncertainty-Uncorrected Total","all_attempts",10,48.7068664550781,2.27692799298186,48.5035232305527,46.7665296792984,50.5793225169182,46.0293052196503,52.1820814609528
7,2,50,200,1,"MetaVAR","successful",10,64.147637295723,104.587356011173,8.66269683837891,8.47667926549911,82.4303351640701,8.23012900352478,323.655550003052
7,2,50,200,1,"MetaVAR Total","successful",10,99.41417927742,104.373585119297,44.2580658197403,43.8527072668076,117.649260222912,42.9665212631226,358.358288288116
7,2,50,200,1,"Mplus DSEM Alternative Priors","successful",10,650.701850605011,10.4253248762191,652.002642989159,642.588185966015,654.570194959641,636.275980472565,670.135581493378
7,2,50,200,1,"Mplus DSEM Default","successful",10,642.784841108322,14.4029153092806,645.583489179611,639.546170771122,652.006886065006,615.040380716324,659.723760604858
7,2,50,200,1,"Stage 1","successful",10,35.2665419816971,0.472574550208899,35.339723944664,34.8654644489288,35.4876074790955,34.7027382850647,36.160519361496
7,2,50,200,1,"Uncertainty-Uncorrected","successful",9,13.60353146659,2.18520255868703,15.0521094799042,11.4824135303497,15.3443176746368,10.9396088123322,16.0215620994568
7,2,50,200,1,"Uncertainty-Uncorrected Total","successful",9,48.9327183034685,2.293163606219,49.788501739502,47.0435192584991,50.708399772644,46.0293052196503,52.1820814609528
8,2,100,200,1,"MetaVAR","all_attempts",10,138.053713154793,181.431114488982,16.179172873497,15.7031084895134,200.65337741375,15.4551651477814,520.277368783951
8,2,100,200,1,"MetaVAR Total","all_attempts",10,206.047565293312,179.939399751379,85.8785024881363,84.3416240811348,269.256944596767,82.7186646461487,584.150385379791
8,2,100,200,1,"Mplus DSEM Alternative Priors","all_attempts",10,1493.84847588539,30.1285535084753,1501.54113769531,1490.81472593546,1510.72448605299,1427.05552721024,1526.92807531357
8,2,100,200,1,"Mplus DSEM Default","all_attempts",10,1508.04390034676,20.0459279996338,1514.64687716961,1491.477470994,1520.9959744215,1472.41133332253,1533.39877009392
8,2,100,200,1,"Stage 1","all_attempts",10,67.9938521385193,1.95368048267489,68.3382482528687,67.3137410879135,69.15508466959,63.8730165958405,70.8362493515015
8,2,100,200,1,"Uncertainty-Uncorrected","all_attempts",10,12.8444047451019,1.72725851796671,12.2276924848557,11.8694559931755,12.8902043700218,11.0848503112793,15.9923484325409
8,2,100,200,1,"Uncertainty-Uncorrected Total","all_attempts",10,80.8382568836212,2.38324283989536,81.1743679046631,80.2083025574684,82.2068711519241,74.9578669071198,83.2141222953796
8,2,100,200,1,"MetaVAR","successful",10,138.053713154793,181.431114488982,16.179172873497,15.7031084895134,200.65337741375,15.4551651477814,520.277368783951
8,2,100,200,1,"MetaVAR Total","successful",10,206.047565293312,179.939399751379,85.8785024881363,84.3416240811348,269.256944596767,82.7186646461487,584.150385379791
8,2,100,200,1,"Mplus DSEM Alternative Priors","successful",10,1493.84847588539,30.1285535084753,1501.54113769531,1490.81472593546,1510.72448605299,1427.05552721024,1526.92807531357
8,2,100,200,1,"Mplus DSEM Default","successful",10,1508.04390034676,20.0459279996338,1514.64687716961,1491.477470994,1520.9959744215,1472.41133332253,1533.39877009392
8,2,100,200,1,"Stage 1","successful",10,67.9938521385193,1.95368048267489,68.3382482528687,67.3137410879135,69.15508466959,63.8730165958405,70.8362493515015
8,2,100,200,1,"Uncertainty-Uncorrected","successful",7,13.131477526256,1.95419775509508,12.1620621681213,11.96055996418,14.1212619543076,11.6022882461548,15.9923484325409
8,2,100,200,1,"Uncertainty-Uncorrected Total","successful",7,81.1360335690635,1.17314031761986,81.0271637439728,80.3084553480148,81.6870113611221,79.778538942337,83.1555988788605
9,2,200,200,1,"MetaVAR","all_attempts",10,26.5341371059418,6.58797343822243,29.5209774971008,29.0133710503578,29.61633259058,12.3809039592743,30.6176652908325
9,2,200,200,1,"MetaVAR Total","all_attempts",10,150.858684277534,37.5298459729319,168.094420790672,167.600552618504,168.795394837856,70.7639954090118,169.748073339462
9,2,200,200,1,"Mplus DSEM Alternative Priors","all_attempts",10,3604.41147134304,678.22136020402,3852.52971565723,3831.11052274704,3872.3438077569,1722.65941095352,3910.33297371864
9,2,200,200,1,"Mplus DSEM Default","all_attempts",10,3826.8008439064,60.5928066324856,3841.65095758438,3809.33738696575,3863.06872648001,3685.15106320381,3900.64171791077
9,2,200,200,1,"Stage 1","all_attempts",10,124.324547171593,30.9536719466716,138.820084571838,138.128281235695,139.129523992538,58.3830914497375,139.490139007568
9,2,200,200,1,"Uncertainty-Uncorrected","all_attempts",10,12.8280162096024,4.12330414704294,13.3784891366959,13.0640488862991,13.7388894557953,5.12831091880798,18.027853012085
9,2,200,200,1,"Uncertainty-Uncorrected Total","all_attempts",10,137.152563381195,34.6720763487742,152.22551715374,151.552613675594,152.7698559165,63.5114023685455,157.158261060715
9,2,200,200,1,"MetaVAR","successful",10,26.5341371059418,6.58797343822243,29.5209774971008,29.0133710503578,29.61633259058,12.3809039592743,30.6176652908325
9,2,200,200,1,"MetaVAR Total","successful",10,150.858684277534,37.5298459729319,168.094420790672,167.600552618504,168.795394837856,70.7639954090118,169.748073339462
9,2,200,200,1,"Mplus DSEM Alternative Priors","successful",10,3604.41147134304,678.22136020402,3852.52971565723,3831.11052274704,3872.3438077569,1722.65941095352,3910.33297371864
9,2,200,200,1,"Mplus DSEM Default","successful",10,3826.8008439064,60.5928066324856,3841.65095758438,3809.33738696575,3863.06872648001,3685.15106320381,3900.64171791077
9,2,200,200,1,"Stage 1","successful",10,124.324547171593,30.9536719466716,138.820084571838,138.128281235695,139.129523992538,58.3830914497375,139.490139007568
9,2,200,200,1,"Uncertainty-Uncorrected","successful",6,14.8810489972432,2.43852311940623,13.5355373620987,13.197499871254,16.9349184036255,13.0345001220703,18.027853012085
9,2,200,200,1,"Uncertainty-Uncorrected Total","successful",6,153.781943718592,2.63671035673143,152.448004484177,152.184322655201,156.005453109741,151.349694252014,157.158261060715
10,2,50,,1,"MetaVAR","all_attempts",10,102.001654219627,124.145576448821,8.640629529953,8.26374000310898,208.367595732212,7.55717039108276,284.35760974884
10,2,50,,1,"MetaVAR Total","all_attempts",10,130.061148953438,123.872338340446,37.9748598337173,36.1071660518646,235.911076545715,34.9595336914062,312.266508817673
10,2,50,,1,"Mplus DSEM Alternative Priors","all_attempts",10,471.389332580566,5.68028037182142,473.92620909214,467.621855974197,475.70230948925,462.153267383575,476.239463806152
10,2,50,,1,"Mplus DSEM Default","all_attempts",10,475.052834796906,12.9007752308299,476.246244192123,467.814948916435,482.38359349966,453.794548034668,498.562345743179
10,2,50,,1,"Stage 1","all_attempts",10,28.0594947338104,0.89255574063771,27.9061115980148,27.5734056830406,28.1673377156258,27.3036425113678,30.4153623580933
10,2,50,,1,"Uncertainty-Uncorrected","all_attempts",10,1.9819144487381,3.15790295717926,0.985921025276184,0.963106393814087,1.01085501909256,0.941993236541748,10.9690589904785
10,2,50,,1,"Uncertainty-Uncorrected Total","all_attempts",10,30.0414091825485,3.23374917005409,28.9179170131683,28.5423857569695,29.3049335479736,28.2456357479095,38.8791151046753
10,2,50,,1,"MetaVAR","successful",10,102.001654219627,124.145576448821,8.640629529953,8.26374000310898,208.367595732212,7.55717039108276,284.35760974884
10,2,50,,1,"MetaVAR Total","successful",10,130.061148953438,123.872338340446,37.9748598337173,36.1071660518646,235.911076545715,34.9595336914062,312.266508817673
10,2,50,,1,"Mplus DSEM Alternative Priors","successful",10,471.389332580566,5.68028037182142,473.92620909214,467.621855974197,475.70230948925,462.153267383575,476.239463806152
10,2,50,,1,"Mplus DSEM Default","successful",10,475.052834796906,12.9007752308299,476.246244192123,467.814948916435,482.38359349966,453.794548034668,498.562345743179
10,2,50,,1,"Stage 1","successful",10,28.0594947338104,0.89255574063771,27.9061115980148,27.5734056830406,28.1673377156258,27.3036425113678,30.4153623580933
10,2,50,,1,"Uncertainty-Uncorrected","successful",10,1.9819144487381,3.15790295717926,0.985921025276184,0.963106393814087,1.01085501909256,0.941993236541748,10.9690589904785
10,2,50,,1,"Uncertainty-Uncorrected Total","successful",10,30.0414091825485,3.23374917005409,28.9179170131683,28.5423857569695,29.3049335479736,28.2456357479095,38.8791151046753
11,2,100,,1,"MetaVAR","all_attempts",10,16.8104408025742,0.609852740593066,16.7288280725479,16.4800686240196,16.8795444965363,15.8947825431824,18.0193951129913
11,2,100,,1,"MetaVAR Total","all_attempts",10,73.9368751049042,0.939829796516412,74.215313911438,73.9186151027679,74.3749644756317,71.6640501022339,74.8062419891357
11,2,100,,1,"Mplus DSEM Alternative Priors","all_attempts",10,1121.5601500988,18.2168695538647,1121.33645570278,1105.42670989037,1136.99918305874,1097.62541556358,1144.72936797142
11,2,100,,1,"Mplus DSEM Default","all_attempts",10,1130.25119440556,18.9439637262396,1134.78771007061,1118.22965115309,1139.03524315357,1104.02581119537,1165.87062931061
11,2,100,,1,"Stage 1","all_attempts",10,57.12643430233,0.637940916433497,57.4340091943741,56.8883687853813,57.5118204951286,55.7692675590515,57.7023437023163
11,2,100,,1,"Uncertainty-Uncorrected","all_attempts",10,2.91816353797913,3.21481865720804,1.89062547683716,1.80042958259583,2.07023614645004,1.70344138145447,12.0570168495178
11,2,100,,1,"Uncertainty-Uncorrected Total","all_attempts",10,60.0445978403091,3.39044654610567,59.4053090810776,58.7490221261978,59.5610632896423,57.472708940506,69.4731032848358
11,2,100,,1,"MetaVAR","successful",10,16.8104408025742,0.609852740593066,16.7288280725479,16.4800686240196,16.8795444965363,15.8947825431824,18.0193951129913
11,2,100,,1,"MetaVAR Total","successful",10,73.9368751049042,0.939829796516412,74.215313911438,73.9186151027679,74.3749644756317,71.6640501022339,74.8062419891357
11,2,100,,1,"Mplus DSEM Alternative Priors","successful",10,1121.5601500988,18.2168695538647,1121.33645570278,1105.42670989037,1136.99918305874,1097.62541556358,1144.72936797142
11,2,100,,1,"Mplus DSEM Default","successful",10,1130.25119440556,18.9439637262396,1134.78771007061,1118.22965115309,1139.03524315357,1104.02581119537,1165.87062931061
11,2,100,,1,"Stage 1","successful",10,57.12643430233,0.637940916433497,57.4340091943741,56.8883687853813,57.5118204951286,55.7692675590515,57.7023437023163
11,2,100,,1,"Uncertainty-Uncorrected","successful",10,2.91816353797913,3.21481865720804,1.89062547683716,1.80042958259583,2.07023614645004,1.70344138145447,12.0570168495178
11,2,100,,1,"Uncertainty-Uncorrected Total","successful",10,60.0445978403091,3.39044654610567,59.4053090810776,58.7490221261978,59.5610632896423,57.472708940506,69.4731032848358
12,2,200,,1,"MetaVAR","all_attempts",10,30.5076548814774,5.75257190095823,31.2729293107986,30.4544501304626,33.9032850861549,15.190824508667,35.6310226917267
12,2,200,,1,"MetaVAR Total","all_attempts",10,137.672693896294,24.2167934040359,144.994208812714,142.113636136055,147.527071535587,69.4328119754791,149.974583148956
12,2,200,,1,"Mplus DSEM Alternative Priors","all_attempts",10,2845.71240708828,414.620755919231,2974.162135005,2943.03036153316,2988.63828122616,1670.61614656448,3035.3960211277
12,2,200,,1,"Mplus DSEM Default","all_attempts",10,2963.40249836445,48.7566463053903,2970.60942685604,2948.63207626343,2993.86964941025,2869.03968024254,3030.4191403389
12,2,200,,1,"Stage 1","all_attempts",10,107.165039014816,18.7016293235502,113.078594326973,111.555646836758,113.453075766563,54.2419874668121,117.17230629921
12,2,200,,1,"Uncertainty-Uncorrected","all_attempts",10,8.7497100353241,5.00552854183153,9.65175402164459,3.60818696022034,13.3235840797424,3.46350932121277,13.8726687431335
12,2,200,,1,"Uncertainty-Uncorrected Total","all_attempts",10,115.91474905014,20.2690641635731,123.220319986343,115.672146260738,126.451432228088,60.2330400943756,127.397246599197
12,2,200,,1,"MetaVAR","successful",10,30.5076548814774,5.75257190095823,31.2729293107986,30.4544501304626,33.9032850861549,15.190824508667,35.6310226917267
12,2,200,,1,"MetaVAR Total","successful",10,137.672693896294,24.2167934040359,144.994208812714,142.113636136055,147.527071535587,69.4328119754791,149.974583148956
12,2,200,,1,"Mplus DSEM Alternative Priors","successful",10,2845.71240708828,414.620755919231,2974.162135005,2943.03036153316,2988.63828122616,1670.61614656448,3035.3960211277
12,2,200,,1,"Mplus DSEM Default","successful",10,2963.40249836445,48.7566463053903,2970.60942685604,2948.63207626343,2993.86964941025,2869.03968024254,3030.4191403389
12,2,200,,1,"Stage 1","successful",10,107.165039014816,18.7016293235502,113.078594326973,111.555646836758,113.453075766563,54.2419874668121,117.17230629921
12,2,200,,1,"Uncertainty-Uncorrected","successful",10,8.7497100353241,5.00552854183153,9.65175402164459,3.60818696022034,13.3235840797424,3.46350932121277,13.8726687431335
12,2,200,,1,"Uncertainty-Uncorrected Total","successful",10,115.91474905014,20.2690641635731,123.220319986343,115.672146260738,126.451432228088,60.2330400943756,127.397246599197
13,2,50,50,2,"MetaVAR","all_attempts",10,55.7796318292618,100.799876066679,8.9606009721756,8.54183447360992,9.12168782949448,7.93112850189209,280.742418289185
13,2,50,50,2,"MetaVAR Total","all_attempts",10,79.818500161171,100.915921580192,32.68987596035,32.4579249620438,33.69400370121,31.6852748394012,304.26428937912
13,2,50,50,2,"Mplus DSEM Alternative Priors","all_attempts",10,273.878136992455,5.25205548156718,274.229041695595,272.275200605392,276.239006638527,264.39900636673,281.607995271683
13,2,50,50,2,"Mplus DSEM Default","all_attempts",10,271.130913734436,6.52583510521122,272.335879325867,269.257694840431,276.080356121063,260.156764507294,279.046179294586
13,2,50,50,2,"Stage 1","all_attempts",10,24.0388683319092,0.786297537730551,23.7077677249908,23.5168873667717,24.514451444149,23.0577526092529,25.3255476951599
13,2,50,50,2,"Uncertainty-Uncorrected","all_attempts",10,1.05349535942078,0.071204546388088,1.0660856962204,1.00043421983719,1.10717380046844,0.949546575546265,1.15640664100647
13,2,50,50,2,"Uncertainty-Uncorrected Total","all_attempts",10,25.09236369133,0.794232887649263,24.7431786060333,24.5848391056061,25.5047004818916,24.153641462326,26.3971409797668
13,2,50,50,2,"MetaVAR","successful",10,55.7796318292618,100.799876066679,8.9606009721756,8.54183447360992,9.12168782949448,7.93112850189209,280.742418289185
13,2,50,50,2,"MetaVAR Total","successful",10,79.818500161171,100.915921580192,32.68987596035,32.4579249620438,33.69400370121,31.6852748394012,304.26428937912
13,2,50,50,2,"Mplus DSEM Alternative Priors","successful",10,273.878136992455,5.25205548156718,274.229041695595,272.275200605392,276.239006638527,264.39900636673,281.607995271683
13,2,50,50,2,"Mplus DSEM Default","successful",10,271.130913734436,6.52583510521122,272.335879325867,269.257694840431,276.080356121063,260.156764507294,279.046179294586
13,2,50,50,2,"Stage 1","successful",10,24.0388683319092,0.786297537730551,23.7077677249908,23.5168873667717,24.514451444149,23.0577526092529,25.3255476951599
13,2,50,50,2,"Uncertainty-Uncorrected","successful",10,1.05349535942078,0.071204546388088,1.0660856962204,1.00043421983719,1.10717380046844,0.949546575546265,1.15640664100647
13,2,50,50,2,"Uncertainty-Uncorrected Total","successful",10,25.09236369133,0.794232887649263,24.7431786060333,24.5848391056061,25.5047004818916,24.153641462326,26.3971409797668
14,2,100,50,2,"MetaVAR","all_attempts",10,16.7760614871979,0.305204565496766,16.6984686851501,16.6580154299736,16.8915402889252,16.2834770679474,17.4613101482391
14,2,100,50,2,"MetaVAR Total","all_attempts",10,65.4079757928848,1.23118390747104,65.234940290451,64.8089808225632,66.110845208168,63.2924661636353,67.6562030315399
14,2,100,50,2,"Mplus DSEM Alternative Priors","all_attempts",10,600.962545824051,9.56140318534582,598.468888521194,593.850018680096,609.519885540009,589.138576507568,615.288375377655
14,2,100,50,2,"Mplus DSEM Default","all_attempts",10,595.302049708366,12.0881070794767,599.117206215858,589.14529645443,602.145592570305,573.117497444153,611.613996505737
14,2,100,50,2,"Stage 1","all_attempts",10,48.6319143056869,1.05487253097192,48.4196889400482,48.0686678886414,48.9061235785484,47.0089890956879,50.6820702552795
14,2,100,50,2,"Uncertainty-Uncorrected","all_attempts",10,2.14716191291809,0.160131757865647,2.1360524892807,2.05377513170242,2.26424765586853,1.86117506027222,2.39686632156372
14,2,100,50,2,"Uncertainty-Uncorrected Total","all_attempts",10,50.779076218605,1.15223839438065,50.5996276140213,50.1681282520294,51.2684862613678,49.00031208992,52.8350358009338
14,2,100,50,2,"MetaVAR","successful",10,16.7760614871979,0.305204565496766,16.6984686851501,16.6580154299736,16.8915402889252,16.2834770679474,17.4613101482391
14,2,100,50,2,"MetaVAR Total","successful",10,65.4079757928848,1.23118390747104,65.234940290451,64.8089808225632,66.110845208168,63.2924661636353,67.6562030315399
14,2,100,50,2,"Mplus DSEM Alternative Priors","successful",10,600.962545824051,9.56140318534582,598.468888521194,593.850018680096,609.519885540009,589.138576507568,615.288375377655
14,2,100,50,2,"Mplus DSEM Default","successful",10,595.302049708366,12.0881070794767,599.117206215858,589.14529645443,602.145592570305,573.117497444153,611.613996505737
14,2,100,50,2,"Stage 1","successful",10,48.6319143056869,1.05487253097192,48.4196889400482,48.0686678886414,48.9061235785484,47.0089890956879,50.6820702552795
14,2,100,50,2,"Uncertainty-Uncorrected","successful",10,2.14716191291809,0.160131757865647,2.1360524892807,2.05377513170242,2.26424765586853,1.86117506027222,2.39686632156372
14,2,100,50,2,"Uncertainty-Uncorrected Total","successful",10,50.779076218605,1.15223839438065,50.5996276140213,50.1681282520294,51.2684862613678,49.00031208992,52.8350358009338
15,2,200,50,2,"MetaVAR","all_attempts",10,32.3955761909485,1.57661832495165,32.1721366643906,31.781428873539,32.7247844338417,30.4011061191559,36.2860403060913
15,2,200,50,2,"MetaVAR Total","all_attempts",10,130.682103872299,3.28319862444419,131.302168369293,128.739043712616,132.763371348381,123.992364168167,134.952934980392
15,2,200,50,2,"Mplus DSEM Alternative Priors","all_attempts",10,1380.60618584156,63.1217923850459,1401.42373073101,1370.41063964367,1410.35095316172,1217.64058184624,1444.56247019768
15,2,200,50,2,"Mplus DSEM Default","all_attempts",10,1396.73378179073,30.1311913601842,1388.41444289684,1378.59296822548,1411.83867990971,1360.49345016479,1457.04375958443
15,2,200,50,2,"Stage 1","all_attempts",10,98.2865276813507,2.51157150991355,98.3568058013916,96.6700446605682,99.7814792990685,93.5912580490112,102.051317930222
15,2,200,50,2,"Uncertainty-Uncorrected","all_attempts",10,3.7716480255127,0.0725645372421102,3.77400183677673,3.72489410638809,3.83345997333527,3.64998388290405,3.87282180786133
15,2,200,50,2,"Uncertainty-Uncorrected Total","all_attempts",10,102.058175706863,2.56869385115819,102.177679896355,100.379021286964,103.63158416748,97.2412419319153,105.90053319931
15,2,200,50,2,"MetaVAR","successful",10,32.3955761909485,1.57661832495165,32.1721366643906,31.781428873539,32.7247844338417,30.4011061191559,36.2860403060913
15,2,200,50,2,"MetaVAR Total","successful",10,130.682103872299,3.28319862444419,131.302168369293,128.739043712616,132.763371348381,123.992364168167,134.952934980392
15,2,200,50,2,"Mplus DSEM Alternative Priors","successful",10,1380.60618584156,63.1217923850459,1401.42373073101,1370.41063964367,1410.35095316172,1217.64058184624,1444.56247019768
15,2,200,50,2,"Mplus DSEM Default","successful",10,1396.73378179073,30.1311913601842,1388.41444289684,1378.59296822548,1411.83867990971,1360.49345016479,1457.04375958443
15,2,200,50,2,"Stage 1","successful",10,98.2865276813507,2.51157150991355,98.3568058013916,96.6700446605682,99.7814792990685,93.5912580490112,102.051317930222
15,2,200,50,2,"Uncertainty-Uncorrected","successful",10,3.7716480255127,0.0725645372421102,3.77400183677673,3.72489410638809,3.83345997333527,3.64998388290405,3.87282180786133
15,2,200,50,2,"Uncertainty-Uncorrected Total","successful",10,102.058175706863,2.56869385115819,102.177679896355,100.379021286964,103.63158416748,97.2412419319153,105.90053319931
16,2,50,100,2,"MetaVAR","all_attempts",10,8.45087003707886,0.42896727803734,8.49997305870056,8.34525090456009,8.73967981338501,7.61473798751831,9.06359386444092
16,2,50,100,2,"MetaVAR Total","all_attempts",10,36.0868980407715,0.751504000932068,35.9151774644852,35.8530899882317,36.1614909768105,34.9754276275635,37.6418721675873
16,2,50,100,2,"Mplus DSEM Alternative Priors","all_attempts",10,399.062342643738,5.64633916109674,399.765376210213,396.158408880234,403.373100221157,389.9442486763,407.00283241272
16,2,50,100,2,"Mplus DSEM Default","all_attempts",10,404.899333381653,9.31802591288921,403.585036277771,400.771792292595,411.962263822556,386.084140062332,419.317043066025
16,2,50,100,2,"Stage 1","all_attempts",10,27.6360280036926,0.623397440105886,27.3770998716354,27.3620455861092,27.6252450942993,26.84614610672,28.8385369777679
16,2,50,100,2,"Uncertainty-Uncorrected","all_attempts",10,1.04289524555206,0.107080754752384,1.00470745563507,0.977189123630524,1.06637907028198,0.963142156600952,1.32141900062561
16,2,50,100,2,"Uncertainty-Uncorrected Total","all_attempts",10,28.6789232492447,0.702304998162671,28.4492493867874,28.3666571974754,28.5977803468704,27.8212490081787,30.1599559783936
16,2,50,100,2,"MetaVAR","successful",10,8.45087003707886,0.42896727803734,8.49997305870056,8.34525090456009,8.73967981338501,7.61473798751831,9.06359386444092
16,2,50,100,2,"MetaVAR Total","successful",10,36.0868980407715,0.751504000932068,35.9151774644852,35.8530899882317,36.1614909768105,34.9754276275635,37.6418721675873
16,2,50,100,2,"Mplus DSEM Alternative Priors","successful",10,399.062342643738,5.64633916109674,399.765376210213,396.158408880234,403.373100221157,389.9442486763,407.00283241272
16,2,50,100,2,"Mplus DSEM Default","successful",10,404.899333381653,9.31802591288921,403.585036277771,400.771792292595,411.962263822556,386.084140062332,419.317043066025
16,2,50,100,2,"Stage 1","successful",10,27.6360280036926,0.623397440105886,27.3770998716354,27.3620455861092,27.6252450942993,26.84614610672,28.8385369777679
16,2,50,100,2,"Uncertainty-Uncorrected","successful",10,1.04289524555206,0.107080754752384,1.00470745563507,0.977189123630524,1.06637907028198,0.963142156600952,1.32141900062561
16,2,50,100,2,"Uncertainty-Uncorrected Total","successful",10,28.6789232492447,0.702304998162671,28.4492493867874,28.3666571974754,28.5977803468704,27.8212490081787,30.1599559783936
17,2,100,100,2,"MetaVAR","all_attempts",10,17.1332828760147,0.529137800805002,17.0857843160629,16.7745627164841,17.3008797764778,16.40766954422,18.2082922458649
17,2,100,100,2,"MetaVAR Total","all_attempts",10,73.2823161840439,1.18802823306239,73.2644081115723,72.975991666317,74.0359159708023,71.3962469100952,75.2430412769318
17,2,100,100,2,"Mplus DSEM Alternative Priors","all_attempts",10,898.496483039856,12.0525435203802,901.04955804348,888.972666442394,907.098568439484,879.618141412735,915.470265865326
17,2,100,100,2,"Mplus DSEM Default","all_attempts",10,904.675853443146,20.4117286561641,906.073186993599,900.440132319927,919.637892186642,865.559198856354,931.35549902916
17,2,100,100,2,"Stage 1","all_attempts",10,56.1490333080292,0.767729831681512,56.3029984235764,55.9067502617836,56.5220510363579,54.77068400383,57.0679903030396
17,2,100,100,2,"Uncertainty-Uncorrected","all_attempts",10,3.75087921619415,3.42690515524126,2.25201225280762,2.1031756401062,2.5260517001152,2.06386303901672,12.3961246013641
17,2,100,100,2,"Uncertainty-Uncorrected Total","all_attempts",10,59.8999125242233,3.79729673531167,58.5658446550369,58.3454691171646,59.2141493558884,56.9882607460022,69.430873632431
17,2,100,100,2,"MetaVAR","successful",10,17.1332828760147,0.529137800805002,17.0857843160629,16.7745627164841,17.3008797764778,16.40766954422,18.2082922458649
17,2,100,100,2,"MetaVAR Total","successful",10,73.2823161840439,1.18802823306239,73.2644081115723,72.975991666317,74.0359159708023,71.3962469100952,75.2430412769318
17,2,100,100,2,"Mplus DSEM Alternative Priors","successful",10,898.496483039856,12.0525435203802,901.04955804348,888.972666442394,907.098568439484,879.618141412735,915.470265865326
17,2,100,100,2,"Mplus DSEM Default","successful",10,904.675853443146,20.4117286561641,906.073186993599,900.440132319927,919.637892186642,865.559198856354,931.35549902916
17,2,100,100,2,"Stage 1","successful",10,56.1490333080292,0.767729831681512,56.3029984235764,55.9067502617836,56.5220510363579,54.77068400383,57.0679903030396
17,2,100,100,2,"Uncertainty-Uncorrected","successful",10,3.75087921619415,3.42690515524126,2.25201225280762,2.1031756401062,2.5260517001152,2.06386303901672,12.3961246013641
17,2,100,100,2,"Uncertainty-Uncorrected Total","successful",10,59.8999125242233,3.79729673531167,58.5658446550369,58.3454691171646,59.2141493558884,56.9882607460022,69.430873632431
18,2,200,100,2,"MetaVAR","all_attempts",10,29.214435839653,5.11528442873588,30.8738955259323,30.329062461853,31.2011722922325,14.8701043128967,32.29292345047
18,2,200,100,2,"MetaVAR Total","all_attempts",10,132.289855122566,21.7535939575738,138.708062887192,137.730467557907,139.730919659138,70.6362464427948,142.402369022369
18,2,200,100,2,"Mplus DSEM Alternative Priors","all_attempts",10,2145.74261059761,245.510513904193,2214.91628456116,2185.15333205462,2241.57825571299,1453.30952191353,2273.98514127731
18,2,200,100,2,"Mplus DSEM Default","all_attempts",10,2198.86687169075,51.0011808426541,2206.58806777,2196.41109609604,2234.80747616291,2103.94664263725,2260.03042936325
18,2,200,100,2,"Stage 1","all_attempts",10,103.075419282913,16.6697172131717,107.967131376266,107.257230997086,108.714293539524,55.7661421298981,110.630656480789
18,2,200,100,2,"Uncertainty-Uncorrected","all_attempts",10,10.1408883094788,4.17166793132019,12.8513915538788,6.83006149530411,13.2408423423767,3.70262718200684,13.6225345134735
18,2,200,100,2,"Uncertainty-Uncorrected Total","all_attempts",10,113.216307592392,18.3865772222516,120.074316620827,114.125055849552,120.834117770195,62.0325767993927,124.253190994263
18,2,200,100,2,"MetaVAR","successful",10,29.214435839653,5.11528442873588,30.8738955259323,30.329062461853,31.2011722922325,14.8701043128967,32.29292345047
18,2,200,100,2,"MetaVAR Total","successful",10,132.289855122566,21.7535939575738,138.708062887192,137.730467557907,139.730919659138,70.6362464427948,142.402369022369
18,2,200,100,2,"Mplus DSEM Alternative Priors","successful",10,2145.74261059761,245.510513904193,2214.91628456116,2185.15333205462,2241.57825571299,1453.30952191353,2273.98514127731
18,2,200,100,2,"Mplus DSEM Default","successful",10,2198.86687169075,51.0011808426541,2206.58806777,2196.41109609604,2234.80747616291,2103.94664263725,2260.03042936325
18,2,200,100,2,"Stage 1","successful",10,103.075419282913,16.6697172131717,107.967131376266,107.257230997086,108.714293539524,55.7661421298981,110.630656480789
18,2,200,100,2,"Uncertainty-Uncorrected","successful",10,10.1408883094788,4.17166793132019,12.8513915538788,6.83006149530411,13.2408423423767,3.70262718200684,13.6225345134735
18,2,200,100,2,"Uncertainty-Uncorrected Total","successful",10,113.216307592392,18.3865772222516,120.074316620827,114.125055849552,120.834117770195,62.0325767993927,124.253190994263
19,2,50,200,2,"MetaVAR","all_attempts",10,101.099849057198,104.805301552763,82.2657716274261,8.10600173473358,163.856838285923,7.91127824783325,280.173011302948
19,2,50,200,2,"MetaVAR Total","all_attempts",10,136.166391038895,104.756116528902,117.333278775215,43.4319099783897,198.927919209003,42.6369645595551,315.082109451294
19,2,50,200,2,"Mplus DSEM Alternative Priors","all_attempts",10,650.940261244774,10.7221929457261,650.527744889259,643.938218057156,657.573398172855,636.085093259811,670.832805633545
19,2,50,200,2,"Mplus DSEM Default","all_attempts",10,644.442879223824,12.6444591854016,648.641942739487,634.790338277817,654.203790426254,622.369587898254,657.875397205353
19,2,50,200,2,"Stage 1","all_attempts",10,35.0665419816971,0.408490998225535,35.0068736076355,34.7789791822433,35.3261600136757,34.5630660057068,35.7781736850739
19,2,50,200,2,"Uncertainty-Uncorrected","all_attempts",10,10.0993500471115,5.04058896137303,11.306408405304,10.9613745808601,11.7031559944153,1.07283806800842,15.5732698440552
19,2,50,200,2,"Uncertainty-Uncorrected Total","all_attempts",10,45.1658920288086,4.85676783032536,46.1620849370956,45.9348655939102,46.9853138327599,36.1896183490753,50.7170212268829
19,2,50,200,2,"MetaVAR","successful",10,101.099849057198,104.805301552763,82.2657716274261,8.10600173473358,163.856838285923,7.91127824783325,280.173011302948
19,2,50,200,2,"MetaVAR Total","successful",10,136.166391038895,104.756116528902,117.333278775215,43.4319099783897,198.927919209003,42.6369645595551,315.082109451294
19,2,50,200,2,"Mplus DSEM Alternative Priors","successful",10,650.940261244774,10.7221929457261,650.527744889259,643.938218057156,657.573398172855,636.085093259811,670.832805633545
19,2,50,200,2,"Mplus DSEM Default","successful",10,644.442879223824,12.6444591854016,648.641942739487,634.790338277817,654.203790426254,622.369587898254,657.875397205353
19,2,50,200,2,"Stage 1","successful",10,35.0665419816971,0.408490998225535,35.0068736076355,34.7789791822433,35.3261600136757,34.5630660057068,35.7781736850739
19,2,50,200,2,"Uncertainty-Uncorrected","successful",10,10.0993500471115,5.04058896137303,11.306408405304,10.9613745808601,11.7031559944153,1.07283806800842,15.5732698440552
19,2,50,200,2,"Uncertainty-Uncorrected Total","successful",10,45.1658920288086,4.85676783032536,46.1620849370956,45.9348655939102,46.9853138327599,36.1896183490753,50.7170212268829
20,2,100,200,2,"MetaVAR","all_attempts",10,29.9910564661026,48.8777831284247,15.2212610244751,14.6552488207817,15.7040603160858,9.27209067344666,168.992528676987
20,2,100,200,2,"MetaVAR Total","all_attempts",10,96.8661242008209,50.7885673181292,85.8198999166489,84.1632943153381,86.3012921214104,48.1263120174408,237.473316192627
20,2,100,200,2,"Mplus DSEM Alternative Priors","all_attempts",10,1480.6496917963,60.0964403795546,1488.04715776443,1480.10499185324,1513.13404995203,1323.77460098267,1543.41775512695
20,2,100,200,2,"Mplus DSEM Default","all_attempts",10,1503.26922471523,16.9333618325885,1504.84990298748,1488.68541222811,1518.1220678091,1475.75078320503,1522.89328622818
20,2,100,200,2,"Stage 1","all_attempts",10,66.8750677347183,9.91295716303324,70.153188586235,68.6347299814224,70.5096222758293,38.8542213439941,72.1159822940826
20,2,100,200,2,"Uncertainty-Uncorrected","all_attempts",10,13.1539690732956,2.54613355625449,11.901064157486,11.8083953857422,15.621286034584,8.78133654594421,16.649719953537
20,2,100,200,2,"Uncertainty-Uncorrected Total","all_attempts",10,80.0290368080139,11.4699542169472,83.1487761735916,82.2549260258675,84.093722820282,47.6355578899384,86.7087709903717
20,2,100,200,2,"MetaVAR","successful",10,29.9910564661026,48.8777831284247,15.2212610244751,14.6552488207817,15.7040603160858,9.27209067344666,168.992528676987
20,2,100,200,2,"MetaVAR Total","successful",10,96.8661242008209,50.7885673181292,85.8198999166489,84.1632943153381,86.3012921214104,48.1263120174408,237.473316192627
20,2,100,200,2,"Mplus DSEM Alternative Priors","successful",10,1480.6496917963,60.0964403795546,1488.04715776443,1480.10499185324,1513.13404995203,1323.77460098267,1543.41775512695
20,2,100,200,2,"Mplus DSEM Default","successful",10,1503.26922471523,16.9333618325885,1504.84990298748,1488.68541222811,1518.1220678091,1475.75078320503,1522.89328622818
20,2,100,200,2,"Stage 1","successful",10,66.8750677347183,9.91295716303324,70.153188586235,68.6347299814224,70.5096222758293,38.8542213439941,72.1159822940826
20,2,100,200,2,"Uncertainty-Uncorrected","successful",10,13.1539690732956,2.54613355625449,11.901064157486,11.8083953857422,15.621286034584,8.78133654594421,16.649719953537
20,2,100,200,2,"Uncertainty-Uncorrected Total","successful",10,80.0290368080139,11.4699542169472,83.1487761735916,82.2549260258675,84.093722820282,47.6355578899384,86.7087709903717
21,2,200,200,2,"MetaVAR","all_attempts",10,26.1142412185669,6.81215455467364,29.2153340578079,28.4167758822441,29.6762204766273,12.0810761451721,30.066329240799
21,2,200,200,2,"MetaVAR Total","all_attempts",10,149.761904907227,38.3497892045055,166.934725999832,165.815884232521,168.494382023811,69.4271895885468,171.118331670761
21,2,200,200,2,"Mplus DSEM Alternative Priors","all_attempts",10,3498.45336089134,777.15191114256,3820.22221922874,3791.67700439692,3868.77804487944,1591.50725007057,3933.47806668282
21,2,200,200,2,"Mplus DSEM Default","all_attempts",10,3765.07934818268,248.421414791429,3834.47938990593,3822.44857549667,3847.77499908209,3062.77783679962,3915.88259005547
21,2,200,200,2,"Stage 1","all_attempts",10,123.64766368866,31.5585150106051,137.952535033226,136.765947163105,138.876944959164,57.3461134433746,141.861921310425
21,2,200,200,2,"Uncertainty-Uncorrected","all_attempts",10,11.9503775596619,3.57435340529593,13.078476190567,9.77670407295227,13.4399532675743,5.31437993049622,17.798290014267
21,2,200,200,2,"Uncertainty-Uncorrected Total","all_attempts",10,135.598041248322,34.4804543472409,151.195023417473,146.907686591148,152.508135259151,62.6604933738708,156.798541307449
21,2,200,200,2,"MetaVAR","successful",10,26.1142412185669,6.81215455467364,29.2153340578079,28.4167758822441,29.6762204766273,12.0810761451721,30.066329240799
21,2,200,200,2,"MetaVAR Total","successful",10,149.761904907227,38.3497892045055,166.934725999832,165.815884232521,168.494382023811,69.4271895885468,171.118331670761
21,2,200,200,2,"Mplus DSEM Alternative Priors","successful",10,3498.45336089134,777.15191114256,3820.22221922874,3791.67700439692,3868.77804487944,1591.50725007057,3933.47806668282
21,2,200,200,2,"Mplus DSEM Default","successful",10,3765.07934818268,248.421414791429,3834.47938990593,3822.44857549667,3847.77499908209,3062.77783679962,3915.88259005547
21,2,200,200,2,"Stage 1","successful",10,123.64766368866,31.5585150106051,137.952535033226,136.765947163105,138.876944959164,57.3461134433746,141.861921310425
21,2,200,200,2,"Uncertainty-Uncorrected","successful",10,11.9503775596619,3.57435340529593,13.078476190567,9.77670407295227,13.4399532675743,5.31437993049622,17.798290014267
21,2,200,200,2,"Uncertainty-Uncorrected Total","successful",10,135.598041248322,34.4804543472409,151.195023417473,146.907686591148,152.508135259151,62.6604933738708,156.798541307449
22,2,50,,2,"MetaVAR","all_attempts",10,35.4412102937698,60.3469189207517,8.22751247882843,8.18736171722412,8.90755903720856,7.95720458030701,184.934034347534
22,2,50,,2,"MetaVAR Total","all_attempts",10,63.4896013021469,60.4038007989117,36.4351979494095,35.9682882428169,37.2645093798637,35.5967166423798,213.250514030457
22,2,50,,2,"Mplus DSEM Alternative Priors","all_attempts",10,471.71477200985,9.55336198445834,475.035009264946,465.240557312965,479.34130859375,453.506544589996,481.724064826965
22,2,50,,2,"Mplus DSEM Default","all_attempts",10,465.656945586205,9.0659608664511,467.596608877182,459.552691817284,469.764026284218,451.393792390823,478.142326831818
22,2,50,,2,"Stage 1","all_attempts",10,28.0483910083771,0.464106529045316,28.009868144989,27.7151886224747,28.3120895624161,27.4334995746613,29.0046968460083
22,2,50,,2,"Uncertainty-Uncorrected","all_attempts",10,1.06708323955536,0.110437159842893,1.0387054681778,0.988363444805145,1.11174237728119,0.938128232955933,1.25146317481995
22,2,50,,2,"Uncertainty-Uncorrected Total","all_attempts",10,29.1154742479324,0.483593915446413,29.0035883188248,28.8251322507858,29.3657556176186,28.3716278076172,30.0800602436066
22,2,50,,2,"MetaVAR","successful",10,35.4412102937698,60.3469189207517,8.22751247882843,8.18736171722412,8.90755903720856,7.95720458030701,184.934034347534
22,2,50,,2,"MetaVAR Total","successful",10,63.4896013021469,60.4038007989117,36.4351979494095,35.9682882428169,37.2645093798637,35.5967166423798,213.250514030457
22,2,50,,2,"Mplus DSEM Alternative Priors","successful",10,471.71477200985,9.55336198445834,475.035009264946,465.240557312965,479.34130859375,453.506544589996,481.724064826965
22,2,50,,2,"Mplus DSEM Default","successful",10,465.656945586205,9.0659608664511,467.596608877182,459.552691817284,469.764026284218,451.393792390823,478.142326831818
22,2,50,,2,"Stage 1","successful",10,28.0483910083771,0.464106529045316,28.009868144989,27.7151886224747,28.3120895624161,27.4334995746613,29.0046968460083
22,2,50,,2,"Uncertainty-Uncorrected","successful",10,1.06708323955536,0.110437159842893,1.0387054681778,0.988363444805145,1.11174237728119,0.938128232955933,1.25146317481995
22,2,50,,2,"Uncertainty-Uncorrected Total","successful",10,29.1154742479324,0.483593915446413,29.0035883188248,28.8251322507858,29.3657556176186,28.3716278076172,30.0800602436066
23,2,100,,2,"MetaVAR","all_attempts",10,80.9497597932816,111.164036965085,16.6746165752411,16.2667480707169,137.648233652115,14.8388545513153,326.281219482422
23,2,100,,2,"MetaVAR Total","all_attempts",10,137.739662337303,112.201734760457,73.8389251232147,73.5109709501266,194.603317558765,66.4046056270599,385.897977113724
23,2,100,,2,"Mplus DSEM Alternative Priors","all_attempts",10,1105.23630919456,66.7175034266513,1124.35873055458,1113.67536723614,1133.00257074833,918.419046878815,1146.45449614525
23,2,100,,2,"Mplus DSEM Default","all_attempts",10,1112.85782966614,18.6121243133076,1110.4335641861,1104.91044086218,1124.77998065948,1084.833142519,1146.8147008419
23,2,100,,2,"Stage 1","all_attempts",10,56.7899025440216,2.13754931270934,57.2712703943253,56.7605193257332,57.6054731607437,51.5657510757446,59.6167576313019
23,2,100,,2,"Uncertainty-Uncorrected","all_attempts",10,2.80587944984436,3.01071621471876,1.87073707580566,1.85147941112518,1.89989757537842,1.62018847465515,11.3690533638
23,2,100,,2,"Uncertainty-Uncorrected Total","all_attempts",10,59.595781993866,3.28339119877482,59.399738073349,58.8127982020378,59.8765834569931,53.1859395503998,66.6772620677948
23,2,100,,2,"MetaVAR","successful",10,80.9497597932816,111.164036965085,16.6746165752411,16.2667480707169,137.648233652115,14.8388545513153,326.281219482422
23,2,100,,2,"MetaVAR Total","successful",10,137.739662337303,112.201734760457,73.8389251232147,73.5109709501266,194.603317558765,66.4046056270599,385.897977113724
23,2,100,,2,"Mplus DSEM Alternative Priors","successful",10,1105.23630919456,66.7175034266513,1124.35873055458,1113.67536723614,1133.00257074833,918.419046878815,1146.45449614525
23,2,100,,2,"Mplus DSEM Default","successful",10,1112.85782966614,18.6121243133076,1110.4335641861,1104.91044086218,1124.77998065948,1084.833142519,1146.8147008419
23,2,100,,2,"Stage 1","successful",10,56.7899025440216,2.13754931270934,57.2712703943253,56.7605193257332,57.6054731607437,51.5657510757446,59.6167576313019
23,2,100,,2,"Uncertainty-Uncorrected","successful",10,2.80587944984436,3.01071621471876,1.87073707580566,1.85147941112518,1.89989757537842,1.62018847465515,11.3690533638
23,2,100,,2,"Uncertainty-Uncorrected Total","successful",10,59.595781993866,3.28339119877482,59.399738073349,58.8127982020378,59.8765834569931,53.1859395503998,66.6772620677948
24,2,200,,2,"MetaVAR","all_attempts",10,28.1266590595245,6.75932457246148,30.7725266218185,30.4327880144119,31.0952513813972,13.6630282402039,34.0341620445251
24,2,200,,2,"MetaVAR Total","all_attempts",10,131.370059967041,30.5960967384371,144.00265455246,143.435636639595,145.780454814434,63.1214098930359,150.692458868027
24,2,200,,2,"Mplus DSEM Alternative Priors","all_attempts",10,2802.77230641842,511.623479346079,2977.21592724323,2941.25665652752,3005.32766103745,1359.26958918571,3018.32324910164
24,2,200,,2,"Mplus DSEM Default","all_attempts",10,2923.22579803467,156.812472526279,2963.27525281906,2944.17382085323,2980.02931630611,2487.70499038696,3035.73659873009
24,2,200,,2,"Stage 1","all_attempts",10,103.243400907516,23.894956780139,113.296209454536,112.319157481194,114.850873708725,49.458381652832,117.371616840363
24,2,200,,2,"Uncertainty-Uncorrected","all_attempts",10,3.64486734867096,0.770987906265685,3.58205902576447,3.53797852993011,3.64341098070145,2.0772979259491,5.28595685958862
24,2,200,,2,"Uncertainty-Uncorrected Total","all_attempts",10,106.888268256187,23.7481955786541,117.076703190804,115.87015157938,118.401067852974,54.7443385124207,121.004947185516
24,2,200,,2,"MetaVAR","successful",10,28.1266590595245,6.75932457246148,30.7725266218185,30.4327880144119,31.0952513813972,13.6630282402039,34.0341620445251
24,2,200,,2,"MetaVAR Total","successful",10,131.370059967041,30.5960967384371,144.00265455246,143.435636639595,145.780454814434,63.1214098930359,150.692458868027
24,2,200,,2,"Mplus DSEM Alternative Priors","successful",10,2802.77230641842,511.623479346079,2977.21592724323,2941.25665652752,3005.32766103745,1359.26958918571,3018.32324910164
24,2,200,,2,"Mplus DSEM Default","successful",10,2923.22579803467,156.812472526279,2963.27525281906,2944.17382085323,2980.02931630611,2487.70499038696,3035.73659873009
24,2,200,,2,"Stage 1","successful",10,103.243400907516,23.894956780139,113.296209454536,112.319157481194,114.850873708725,49.458381652832,117.371616840363
24,2,200,,2,"Uncertainty-Uncorrected","successful",10,3.64486734867096,0.770987906265685,3.58205902576447,3.53797852993011,3.64341098070145,2.0772979259491,5.28595685958862
24,2,200,,2,"Uncertainty-Uncorrected Total","successful",10,106.888268256187,23.7481955786541,117.076703190804,115.87015157938,118.401067852974,54.7443385124207,121.004947185516
25,2,50,50,0,"MetaVAR","all_attempts",10,110.392392754555,84.8101607726844,98.4738879203796,29.9151217937469,188.220801115036,8.58607149124146,235.494787693024
25,2,50,50,0,"MetaVAR Total","all_attempts",10,134.561454176903,85.0924485405653,122.351120591164,54.1062726378441,212.617531180382,31.7013344764709,259.803558826447
25,2,50,50,0,"Mplus DSEM Alternative Priors","all_attempts",10,273.280164074898,6.53124837328698,271.181455492973,267.830721259117,280.212071657181,266.412638187408,281.774121761322
25,2,50,50,0,"Mplus DSEM Default","all_attempts",10,271.212586140633,6.21308800654841,272.327633738518,267.407302439213,275.072036087513,260.747161149979,280.380109071732
25,2,50,50,0,"Stage 1","all_attempts",10,24.169061422348,0.500704115842063,24.2315833568573,24.0725425481796,24.5517370700836,23.1152629852295,24.7331409454346
25,2,50,50,0,"Uncertainty-Uncorrected","all_attempts",10,1.05899949073791,0.0848968183539533,1.04779493808746,1.02326762676239,1.09089881181717,0.917256355285645,1.2496612071991
25,2,50,50,0,"Uncertainty-Uncorrected Total","all_attempts",10,25.2280609130859,0.509247441667008,25.2664242982864,25.0679405927658,25.5966936945915,24.2192997932434,25.8919816017151
25,2,50,50,0,"MetaVAR","successful",10,110.392392754555,84.8101607726844,98.4738879203796,29.9151217937469,188.220801115036,8.58607149124146,235.494787693024
25,2,50,50,0,"MetaVAR Total","successful",10,134.561454176903,85.0924485405653,122.351120591164,54.1062726378441,212.617531180382,31.7013344764709,259.803558826447
25,2,50,50,0,"Mplus DSEM Alternative Priors","successful",10,273.280164074898,6.53124837328698,271.181455492973,267.830721259117,280.212071657181,266.412638187408,281.774121761322
25,2,50,50,0,"Mplus DSEM Default","successful",10,271.212586140633,6.21308800654841,272.327633738518,267.407302439213,275.072036087513,260.747161149979,280.380109071732
25,2,50,50,0,"Stage 1","successful",10,24.169061422348,0.500704115842063,24.2315833568573,24.0725425481796,24.5517370700836,23.1152629852295,24.7331409454346
25,2,50,50,0,"Uncertainty-Uncorrected","successful",10,1.05899949073791,0.0848968183539533,1.04779493808746,1.02326762676239,1.09089881181717,0.917256355285645,1.2496612071991
25,2,50,50,0,"Uncertainty-Uncorrected Total","successful",10,25.2280609130859,0.509247441667008,25.2664242982864,25.0679405927658,25.5966936945915,24.2192997932434,25.8919816017151
26,2,100,50,0,"MetaVAR","all_attempts",10,124.291611218452,184.615654144725,19.7570241689682,17.7218573689461,151.982049942017,16.8712809085846,459.022737503052
26,2,100,50,0,"MetaVAR Total","all_attempts",10,172.973321795464,184.615511975231,68.4586993455887,66.8662683367729,200.863923251629,64.5593278408051,507.774139165878
26,2,100,50,0,"Mplus DSEM Alternative Priors","all_attempts",10,598.307112121582,11.4601616934748,600.029564738274,594.47488462925,605.009305894375,573.415271043777,613.171576499939
26,2,100,50,0,"Mplus DSEM Default","all_attempts",10,597.881792974472,14.6758660465963,595.86259829998,587.599544942379,612.594777941704,574.225774526596,615.661339521408
26,2,100,50,0,"Stage 1","all_attempts",10,48.6817105770111,0.632175272918315,48.8121066093445,48.4316051006317,48.9914004802704,47.6880469322205,49.692040681839
26,2,100,50,0,"Uncertainty-Uncorrected","all_attempts",10,2.03328754901886,0.266577013555034,2.14238893985748,1.93448907136917,2.17762678861618,1.36819243431091,2.24174642562866
26,2,100,50,0,"Uncertainty-Uncorrected Total","all_attempts",10,50.71499812603,0.704489819362046,50.6990821361542,50.0743120908737,51.1427036523819,49.8056013584137,51.8723409175873
26,2,100,50,0,"MetaVAR","successful",10,124.291611218452,184.615654144725,19.7570241689682,17.7218573689461,151.982049942017,16.8712809085846,459.022737503052
26,2,100,50,0,"MetaVAR Total","successful",10,172.973321795464,184.615511975231,68.4586993455887,66.8662683367729,200.863923251629,64.5593278408051,507.774139165878
26,2,100,50,0,"Mplus DSEM Alternative Priors","successful",10,598.307112121582,11.4601616934748,600.029564738274,594.47488462925,605.009305894375,573.415271043777,613.171576499939
26,2,100,50,0,"Mplus DSEM Default","successful",10,597.881792974472,14.6758660465963,595.86259829998,587.599544942379,612.594777941704,574.225774526596,615.661339521408
26,2,100,50,0,"Stage 1","successful",10,48.6817105770111,0.632175272918315,48.8121066093445,48.4316051006317,48.9914004802704,47.6880469322205,49.692040681839
26,2,100,50,0,"Uncertainty-Uncorrected","successful",10,2.03328754901886,0.266577013555034,2.14238893985748,1.93448907136917,2.17762678861618,1.36819243431091,2.24174642562866
26,2,100,50,0,"Uncertainty-Uncorrected Total","successful",10,50.71499812603,0.704489819362046,50.6990821361542,50.0743120908737,51.1427036523819,49.8056013584137,51.8723409175873
27,2,200,50,0,"MetaVAR","all_attempts",10,166.63178422451,228.417370814958,35.1950134038925,33.6446449756622,222.07361125946,31.3829171657562,625.601048707962
27,2,200,50,0,"MetaVAR Total","all_attempts",10,261.180703639984,226.754293074287,135.009801387787,133.135103464127,288.038068652153,127.908419847488,725.120483875275
27,2,200,50,0,"Mplus DSEM Alternative Priors","all_attempts",10,1369.37227742672,131.599563644324,1406.64987051487,1396.36648988724,1411.51641517878,997.670805454254,1449.00883936882
27,2,200,50,0,"Mplus DSEM Default","all_attempts",10,1386.35673105717,20.9046326164893,1387.48091876507,1377.26791274548,1400.6799223423,1340.79973173141,1413.00723433495
27,2,200,50,0,"Stage 1","all_attempts",10,94.5489194154739,13.9795005354871,98.9108734130859,96.9785969257355,99.8395598530769,55.006270647049,101.223312139511
27,2,200,50,0,"Uncertainty-Uncorrected","all_attempts",10,8.49368140697479,5.70194925766539,6.47152459621429,3.68677097558975,13.8009388446808,2.18778109550476,17.294412612915
27,2,200,50,0,"Uncertainty-Uncorrected Total","all_attempts",10,103.042600822449,17.0974238369362,104.928549408913,102.980197846889,112.505655348301,57.1940517425537,116.813847780228
27,2,200,50,0,"MetaVAR","successful",10,166.63178422451,228.417370814958,35.1950134038925,33.6446449756622,222.07361125946,31.3829171657562,625.601048707962
27,2,200,50,0,"MetaVAR Total","successful",10,261.180703639984,226.754293074287,135.009801387787,133.135103464127,288.038068652153,127.908419847488,725.120483875275
27,2,200,50,0,"Mplus DSEM Alternative Priors","successful",10,1369.37227742672,131.599563644324,1406.64987051487,1396.36648988724,1411.51641517878,997.670805454254,1449.00883936882
27,2,200,50,0,"Mplus DSEM Default","successful",10,1386.35673105717,20.9046326164893,1387.48091876507,1377.26791274548,1400.6799223423,1340.79973173141,1413.00723433495
27,2,200,50,0,"Stage 1","successful",10,94.5489194154739,13.9795005354871,98.9108734130859,96.9785969257355,99.8395598530769,55.006270647049,101.223312139511
27,2,200,50,0,"Uncertainty-Uncorrected","successful",10,8.49368140697479,5.70194925766539,6.47152459621429,3.68677097558975,13.8009388446808,2.18778109550476,17.294412612915
27,2,200,50,0,"Uncertainty-Uncorrected Total","successful",10,103.042600822449,17.0974238369362,104.928549408913,102.980197846889,112.505655348301,57.1940517425537,116.813847780228
28,2,50,100,0,"MetaVAR","all_attempts",10,179.591130185127,84.6880720270136,185.645260453224,133.939659416676,251.917169809341,10.7651057243347,274.424230575562
28,2,50,100,0,"MetaVAR Total","all_attempts",10,207.07965555191,84.6189562381797,212.756080150604,161.475507318974,279.495704054832,38.3743631839752,301.543036699295
28,2,50,100,0,"Mplus DSEM Alternative Priors","all_attempts",10,400.906495332718,9.02145956456437,401.75339281559,395.319585561752,405.830477178097,388.019001722336,416.894410848618
28,2,50,100,0,"Mplus DSEM Default","all_attempts",10,399.6430539608,8.41690991618212,401.689726233482,394.156926095486,403.775814890862,383.323349475861,410.360038757324
28,2,50,100,0,"Stage 1","all_attempts",10,27.4885253667831,0.318286480552624,27.5187532901764,27.3383485078812,27.7646260261536,26.8978953361511,27.8586442470551
28,2,50,100,0,"Uncertainty-Uncorrected","all_attempts",10,10.9827253341675,3.82245401265159,11.4422852993011,11.1724404096603,11.8902826309204,1.19387435913086,16.7058794498444
28,2,50,100,0,"Uncertainty-Uncorrected Total","all_attempts",10,38.4712507009506,3.80578432809162,39.2535371780396,38.3424810171127,39.3379019498825,28.8031318187714,44.1341285705566
28,2,50,100,0,"MetaVAR","successful",10,179.591130185127,84.6880720270136,185.645260453224,133.939659416676,251.917169809341,10.7651057243347,274.424230575562
28,2,50,100,0,"MetaVAR Total","successful",10,207.07965555191,84.6189562381797,212.756080150604,161.475507318974,279.495704054832,38.3743631839752,301.543036699295
28,2,50,100,0,"Mplus DSEM Alternative Priors","successful",10,400.906495332718,9.02145956456437,401.75339281559,395.319585561752,405.830477178097,388.019001722336,416.894410848618
28,2,50,100,0,"Mplus DSEM Default","successful",10,399.6430539608,8.41690991618212,401.689726233482,394.156926095486,403.775814890862,383.323349475861,410.360038757324
28,2,50,100,0,"Stage 1","successful",10,27.4885253667831,0.318286480552624,27.5187532901764,27.3383485078812,27.7646260261536,26.8978953361511,27.8586442470551
28,2,50,100,0,"Uncertainty-Uncorrected","successful",7,10.7410578046526,4.65153410946226,11.432133436203,11.1236643791199,11.8040943145752,1.19387435913086,16.7058794498444
28,2,50,100,0,"Uncertainty-Uncorrected Total","successful",7,38.1550617899214,4.60354953869574,39.2497997283936,38.1320151090622,39.3171710968018,28.8031318187714,44.1341285705566
29,2,100,100,0,"MetaVAR","all_attempts",10,286.543454051018,129.427823882423,309.724710583687,270.832402050495,352.407404124737,19.2981777191162,491.129244804382
29,2,100,100,0,"MetaVAR Total","all_attempts",10,342.448240542412,129.363286803221,366.901082754135,327.05187112093,406.039374947548,75.0199086666107,547.162755489349
29,2,100,100,0,"Mplus DSEM Alternative Priors","all_attempts",10,876.632186889648,86.8788149360643,901.607731223106,896.349999248981,910.446534574032,630.503437757492,916.937702894211
29,2,100,100,0,"Mplus DSEM Default","all_attempts",10,897.547509026527,12.0816444356927,897.33943271637,893.038098633289,903.336268246174,879.400281667709,919.488216161728
29,2,100,100,0,"Stage 1","all_attempts",10,55.904786491394,1.58273721858326,55.8817954063416,55.449617087841,56.4124038815498,52.5825204849243,58.9938318729401
29,2,100,100,0,"Uncertainty-Uncorrected","all_attempts",10,13.4210195302963,2.27757884589884,12.3782793283463,12.0580769181252,15.4806247353554,10.7788500785828,17.0340802669525
29,2,100,100,0,"Uncertainty-Uncorrected Total","all_attempts",10,69.3258060216904,3.11237909032541,68.6450971364975,67.6309373378754,71.9859910011292,63.3613705635071,73.2013504505157
29,2,100,100,0,"MetaVAR","successful",10,286.543454051018,129.427823882423,309.724710583687,270.832402050495,352.407404124737,19.2981777191162,491.129244804382
29,2,100,100,0,"MetaVAR Total","successful",10,342.448240542412,129.363286803221,366.901082754135,327.05187112093,406.039374947548,75.0199086666107,547.162755489349
29,2,100,100,0,"Mplus DSEM Alternative Priors","successful",10,876.632186889648,86.8788149360643,901.607731223106,896.349999248981,910.446534574032,630.503437757492,916.937702894211
29,2,100,100,0,"Mplus DSEM Default","successful",10,897.547509026527,12.0816444356927,897.33943271637,893.038098633289,903.336268246174,879.400281667709,919.488216161728
29,2,100,100,0,"Stage 1","successful",10,55.904786491394,1.58273721858326,55.8817954063416,55.449617087841,56.4124038815498,52.5825204849243,58.9938318729401
29,2,100,100,0,"Uncertainty-Uncorrected","successful",8,13.9222456812859,2.26226717645855,12.5405331850052,12.2692211270332,16.4272913336754,11.98863697052,17.0340802669525
29,2,100,100,0,"Uncertainty-Uncorrected Total","successful",8,70.1634003520012,2.54819157285251,70.0580962896347,67.6838910579681,72.3990174531937,67.4310808181763,73.2013504505157
30,2,200,100,0,"MetaVAR","all_attempts",10,429.832324981689,264.984083524996,529.28696501255,267.894184589386,598.772315919399,32.3498513698578,809.155096769333
30,2,200,100,0,"MetaVAR Total","all_attempts",10,531.182580804825,271.588961276234,638.714320659637,330.128201961517,709.51895236969,139.531860351562,919.178156852722
30,2,200,100,0,"Mplus DSEM Alternative Priors","all_attempts",10,2084.34435391426,374.079419983901,2195.31052613258,2184.3721113205,2217.57028961182,1020.70377731323,2224.79089665413
30,2,200,100,0,"Mplus DSEM Default","all_attempts",10,2164.36266303062,144.900388033158,2199.19704961777,2187.89969027042,2216.7189463973,1757.96691417694,2252.09331846237
30,2,200,100,0,"Stage 1","all_attempts",10,101.350255823135,19.0573254451015,107.858836174011,107.041760444641,109.863598287106,49.6574614048004,111.703363895416
30,2,200,100,0,"Uncertainty-Uncorrected","all_attempts",10,13.3040466070175,2.9617857669231,13.7830151319504,13.3373843431473,14.0360414385796,5.83416199684143,17.7790699005127
30,2,200,100,0,"Uncertainty-Uncorrected Total","all_attempts",10,114.654302430153,21.817449386456,121.729909420013,120.603856384754,123.741959452629,55.4916234016418,129.482433795929
30,2,200,100,0,"MetaVAR","successful",10,429.832324981689,264.984083524996,529.28696501255,267.894184589386,598.772315919399,32.3498513698578,809.155096769333
30,2,200,100,0,"MetaVAR Total","successful",10,531.182580804825,271.588961276234,638.714320659637,330.128201961517,709.51895236969,139.531860351562,919.178156852722
30,2,200,100,0,"Mplus DSEM Alternative Priors","successful",10,2084.34435391426,374.079419983901,2195.31052613258,2184.3721113205,2217.57028961182,1020.70377731323,2224.79089665413
30,2,200,100,0,"Mplus DSEM Default","successful",10,2164.36266303062,144.900388033158,2199.19704961777,2187.89969027042,2216.7189463973,1757.96691417694,2252.09331846237
30,2,200,100,0,"Stage 1","successful",10,101.350255823135,19.0573254451015,107.858836174011,107.041760444641,109.863598287106,49.6574614048004,111.703363895416
30,2,200,100,0,"Uncertainty-Uncorrected","successful",4,12.7948155403137,5.00860497097879,13.7830151319504,11.7381807565689,14.8396499156952,5.83416199684143,17.7790699005127
30,2,200,100,0,"Uncertainty-Uncorrected Total","successful",4,107.609900414944,34.9035366994865,122.732772231102,105.059886693954,125.282785952091,55.4916234016418,129.482433795929
31,2,50,200,0,"MetaVAR","all_attempts",10,196.233284163475,44.1249503693546,212.891002058983,177.08858537674,224.518227756023,94.5610995292664,237.970854282379
31,2,50,200,0,"MetaVAR Total","all_attempts",10,230.988978815079,43.9354387624563,247.228336811066,210.279475092888,260.122977912426,130.709520339966,272.921412229538
31,2,50,200,0,"Mplus DSEM Alternative Priors","all_attempts",10,640.387568473816,36.1415284337025,650.638611197472,639.658695042133,657.434686183929,541.384851455688,664.275304317474
31,2,50,200,0,"Mplus DSEM Default","all_attempts",10,647.353609728813,12.33011349146,648.537999153137,644.646725654602,652.233066260815,619.727905988693,667.471708297729
31,2,50,200,0,"Stage 1","all_attempts",10,34.7556946516037,1.05162944545285,34.7738144397736,34.3288758397102,35.5232583880424,32.4665632247925,36.1484208106995
31,2,50,200,0,"Uncertainty-Uncorrected","all_attempts",10,12.7383264780045,3.10147344087014,11.7402857542038,11.3880261778831,15.6128488779068,6.44098711013794,16.2009563446045
31,2,50,200,0,"Uncertainty-Uncorrected Total","all_attempts",10,47.4940211296082,3.87406425299189,46.9156709909439,46.0234479308128,50.8568322658539,38.9075503349304,51.8224928379059
31,2,50,200,0,"MetaVAR","successful",10,196.233284163475,44.1249503693546,212.891002058983,177.08858537674,224.518227756023,94.5610995292664,237.970854282379
31,2,50,200,0,"MetaVAR Total","successful",10,230.988978815079,43.9354387624563,247.228336811066,210.279475092888,260.122977912426,130.709520339966,272.921412229538
31,2,50,200,0,"Mplus DSEM Alternative Priors","successful",10,640.387568473816,36.1415284337025,650.638611197472,639.658695042133,657.434686183929,541.384851455688,664.275304317474
31,2,50,200,0,"Mplus DSEM Default","successful",10,647.353609728813,12.33011349146,648.537999153137,644.646725654602,652.233066260815,619.727905988693,667.471708297729
31,2,50,200,0,"Stage 1","successful",10,34.7556946516037,1.05162944545285,34.7738144397736,34.3288758397102,35.5232583880424,32.4665632247925,36.1484208106995
31,2,50,200,0,"Uncertainty-Uncorrected","successful",7,13.2223788329533,3.6729579244186,15.4291794300079,11.360623717308,15.8821407556534,6.44098711013794,16.2009563446045
31,2,50,200,0,"Uncertainty-Uncorrected Total","successful",7,47.9246340819768,4.65126417361797,50.410626411438,46.0873435735703,51.0785409212112,38.9075503349304,51.8224928379059
32,2,100,200,0,"MetaVAR","all_attempts",10,303.251091909409,106.364020133221,309.131818294525,215.046023249626,349.080110311508,151.581359386444,476.111729383469
32,2,100,200,0,"MetaVAR Total","all_attempts",10,368.067485761642,110.123932845211,375.930007457733,281.288473844528,416.890262007713,220.44083070755,543.77747797966
32,2,100,200,0,"Mplus DSEM Alternative Priors","all_attempts",10,1438.27702708244,230.397268561885,1512.49942243099,1492.06345325708,1515.00871253014,784.802410364151,1546.70063591003
32,2,100,200,0,"Mplus DSEM Default","all_attempts",10,1468.87911787033,85.7574764341113,1487.76362013817,1482.81214863062,1506.56247425079,1230.65443134308,1525.16590666771
32,2,100,200,0,"Stage 1","all_attempts",10,64.8163938522339,10.6813815551153,67.9139276742935,67.484934091568,68.9398320913315,34.584536075592,69.9304051399231
32,2,100,200,0,"Uncertainty-Uncorrected","all_attempts",10,11.8033964157104,1.43025025864938,12.1847681999207,11.9655467867851,12.4467099905014,7.82998585700989,12.7321243286133
32,2,100,200,0,"Uncertainty-Uncorrected Total","all_attempts",10,76.6197902679443,12.0660490534366,80.2614710330963,79.5574933290482,81.1527712345123,42.4145219326019,81.8957176208496
32,2,100,200,0,"MetaVAR","successful",10,303.251091909409,106.364020133221,309.131818294525,215.046023249626,349.080110311508,151.581359386444,476.111729383469
32,2,100,200,0,"MetaVAR Total","successful",10,368.067485761642,110.123932845211,375.930007457733,281.288473844528,416.890262007713,220.44083070755,543.77747797966
32,2,100,200,0,"Mplus DSEM Alternative Priors","successful",10,1438.27702708244,230.397268561885,1512.49942243099,1492.06345325708,1515.00871253014,784.802410364151,1546.70063591003
32,2,100,200,0,"Mplus DSEM Default","successful",10,1468.87911787033,85.7574764341113,1487.76362013817,1482.81214863062,1506.56247425079,1230.65443134308,1525.16590666771
32,2,100,200,0,"Stage 1","successful",10,64.8163938522339,10.6813815551153,67.9139276742935,67.484934091568,68.9398320913315,34.584536075592,69.9304051399231
32,2,100,200,0,"Uncertainty-Uncorrected","successful",10,11.8033964157104,1.43025025864938,12.1847681999207,11.9655467867851,12.4467099905014,7.82998585700989,12.7321243286133
32,2,100,200,0,"Uncertainty-Uncorrected Total","successful",10,76.6197902679443,12.0660490534366,80.2614710330963,79.5574933290482,81.1527712345123,42.4145219326019,81.8957176208496
33,2,200,200,0,"MetaVAR","all_attempts",10,509.086544346809,280.760312613895,570.739444494247,301.392059803009,635.36190611124,30.7466723918915,905.503746271133
33,2,200,200,0,"MetaVAR Total","all_attempts",10,630.627437853813,300.968554313974,701.531070709229,378.1515827775,775.714681684971,168.631066799164,1042.7255423069
33,2,200,200,0,"Mplus DSEM Alternative Priors","all_attempts",10,3413.97425618172,828.447175181749,3804.78713202477,3672.39616090059,3825.42798084021,1519.90947771072,3856.21270227432
33,2,200,200,0,"Mplus DSEM Default","all_attempts",10,3693.95830643177,435.232542011005,3824.17089962959,3805.70331537724,3839.95044213533,2458.84351611137,3884.92869997024
33,2,200,200,0,"Stage 1","all_attempts",10,121.540893507004,33.8280013821278,137.609444022179,127.4920181036,140.035842359066,54.8953537940979,142.352030515671
33,2,200,200,0,"Uncertainty-Uncorrected","all_attempts",10,11.8893329381943,4.4196095544808,13.5456342697144,8.92459887266159,13.7934488654137,5.00485634803772,18.9270632266998
33,2,200,200,0,"Uncertainty-Uncorrected Total","all_attempts",10,133.430226445198,37.6164854645292,151.948266386986,136.520480453968,154.49256426096,59.9002101421356,156.261556863785
33,2,200,200,0,"MetaVAR","successful",9,545.032026052475,272.293543188403,570.788467884064,503.213277101517,643.920475006104,30.7466723918915,905.503746271133
33,2,200,200,0,"MetaVAR Total","successful",9,673.262656927109,285.40323769276,708.024914741516,645.565307617188,784.770148992538,168.631066799164,1042.7255423069
33,2,200,200,0,"Mplus DSEM Alternative Priors","successful",10,3413.97425618172,828.447175181749,3804.78713202477,3672.39616090059,3825.42798084021,1519.90947771072,3856.21270227432
33,2,200,200,0,"Mplus DSEM Default","successful",10,3693.95830643177,435.232542011005,3824.17089962959,3805.70331537724,3839.95044213533,2458.84351611137,3884.92869997024
33,2,200,200,0,"Stage 1","successful",10,121.540893507004,33.8280013821278,137.609444022179,127.4920181036,140.035842359066,54.8953537940979,142.352030515671
33,2,200,200,0,"Uncertainty-Uncorrected","successful",1,18.9270632266998,,18.9270632266998,18.9270632266998,18.9270632266998,18.9270632266998,18.9270632266998
33,2,200,200,0,"Uncertainty-Uncorrected Total","successful",1,156.261556863785,,156.261556863785,156.261556863785,156.261556863785,156.261556863785,156.261556863785
34,2,50,,0,"MetaVAR","all_attempts",10,159.939696097374,71.8717324160635,159.219725489616,140.922024250031,193.473083913326,8.44336628913879,261.333801269531
34,2,50,,0,"MetaVAR Total","all_attempts",10,186.606954979897,72.1142861734928,186.649877429008,160.900534749031,221.105921566486,36.5277316570282,288.978100538254
34,2,50,,0,"Mplus DSEM Alternative Priors","all_attempts",10,458.576027679443,22.0957759024548,463.286687374115,454.19356828928,473.039009392262,402.872845172882,477.944885015488
34,2,50,,0,"Mplus DSEM Default","all_attempts",10,465.859916543961,9.63441630359699,466.777295351028,461.964968800545,470.4785785079,446.307717084885,479.466856002808
34,2,50,,0,"Stage 1","all_attempts",10,26.6672588825226,3.31354552344336,27.6361335515976,27.4887450933456,27.8764744997025,17.2682185173035,28.1093864440918
34,2,50,,0,"Uncertainty-Uncorrected","all_attempts",10,11.936226606369,2.1813134117111,11.3538788557053,11.1637587547302,11.6624976396561,8.76218152046204,16.0721538066864
34,2,50,,0,"Uncertainty-Uncorrected Total","all_attempts",10,38.6034854888916,4.81975975704538,39.178558588028,38.8580092191696,39.3979650139809,26.0304000377655,43.5502364635468
34,2,50,,0,"MetaVAR","successful",10,159.939696097374,71.8717324160635,159.219725489616,140.922024250031,193.473083913326,8.44336628913879,261.333801269531
34,2,50,,0,"MetaVAR Total","successful",10,186.606954979897,72.1142861734928,186.649877429008,160.900534749031,221.105921566486,36.5277316570282,288.978100538254
34,2,50,,0,"Mplus DSEM Alternative Priors","successful",10,458.576027679443,22.0957759024548,463.286687374115,454.19356828928,473.039009392262,402.872845172882,477.944885015488
34,2,50,,0,"Mplus DSEM Default","successful",10,465.859916543961,9.63441630359699,466.777295351028,461.964968800545,470.4785785079,446.307717084885,479.466856002808
34,2,50,,0,"Stage 1","successful",10,26.6672588825226,3.31354552344336,27.6361335515976,27.4887450933456,27.8764744997025,17.2682185173035,28.1093864440918
34,2,50,,0,"Uncertainty-Uncorrected","successful",6,11.6302073399226,2.4084422229163,11.2153941392899,10.8885390162468,11.6062483787537,8.76218152046204,16.0721538066864
34,2,50,,0,"Uncertainty-Uncorrected Total","successful",6,37.5270974238714,5.94554430422504,39.0797264575958,38.2652109861374,39.3655821084976,26.0304000377655,43.5181584358215
35,2,100,,0,"MetaVAR","all_attempts",10,292.559936833382,82.4640407882789,295.872206807137,220.361210882664,327.921991467476,187.295108556747,416.757359743118
35,2,100,,0,"MetaVAR Total","all_attempts",10,347.141842985153,85.9949424429811,352.809039473534,268.908811509609,385.65955299139,234.278650283813,474.020411014557
35,2,100,,0,"Mplus DSEM Alternative Priors","all_attempts",10,1078.15397353172,142.047072551765,1120.25422096252,1110.61582833529,1133.16639649868,676.3258228302,1148.80464744568
35,2,100,,0,"Mplus DSEM Default","all_attempts",10,1113.44930069447,42.292405081638,1124.5343875885,1110.66362798214,1139.3430967927,1006.89634442329,1152.12069034576
35,2,100,,0,"Stage 1","all_attempts",10,54.5819061517715,8.56656915915029,57.2644230127335,56.5445327162743,57.8483440876007,30.3458061218262,58.7961840629578
35,2,100,,0,"Uncertainty-Uncorrected","all_attempts",10,12.0460474014282,4.3529731984374,12.508872628212,12.1137653589249,12.859988629818,1.98803567886353,17.6527740955353
35,2,100,,0,"Uncertainty-Uncorrected Total","all_attempts",10,66.6279535531998,10.9036287839848,70.0235100984573,68.6927999258041,70.3347651958466,39.0747871398926,76.448958158493
35,2,100,,0,"MetaVAR","successful",10,292.559936833382,82.4640407882789,295.872206807137,220.361210882664,327.921991467476,187.295108556747,416.757359743118
35,2,100,,0,"MetaVAR Total","successful",10,347.141842985153,85.9949424429811,352.809039473534,268.908811509609,385.65955299139,234.278650283813,474.020411014557
35,2,100,,0,"Mplus DSEM Alternative Priors","successful",10,1078.15397353172,142.047072551765,1120.25422096252,1110.61582833529,1133.16639649868,676.3258228302,1148.80464744568
35,2,100,,0,"Mplus DSEM Default","successful",10,1113.44930069447,42.292405081638,1124.5343875885,1110.66362798214,1139.3430967927,1006.89634442329,1152.12069034576
35,2,100,,0,"Stage 1","successful",10,54.5819061517715,8.56656915915029,57.2644230127335,56.5445327162743,57.8483440876007,30.3458061218262,58.7961840629578
35,2,100,,0,"Uncertainty-Uncorrected","successful",8,11.843279927969,4.91194941092798,12.2934273481369,11.2399047017097,13.7558357715607,1.98803567886353,17.6527740955353
35,2,100,,0,"Uncertainty-Uncorrected Total","successful",8,65.7393325567245,12.1796657499849,69.4457052946091,65.8185186982155,71.5398566126823,39.0747871398926,76.448958158493
36,2,200,,0,"MetaVAR","all_attempts",10,488.747027420998,284.598088881395,501.729523539543,304.280151486397,642.350968897343,35.4970231056213,933.905646800995
36,2,200,,0,"MetaVAR Total","all_attempts",10,589.566173386574,295.55178487879,613.590268492699,404.415218293667,754.607278347015,151.170144796371,1046.69418001175
36,2,200,,0,"Mplus DSEM Alternative Priors","all_attempts",10,2748.97443494797,577.687652666809,2992.8893122673,2959.37898260355,3010.26160889864,1269.96869683266,3072.17042303085
36,2,200,,0,"Mplus DSEM Default","all_attempts",10,2902.2713685751,365.316591797441,3010.95139420033,2999.33842498064,3030.78621202707,1864.6398358345,3062.82969856262
36,2,200,,0,"Stage 1","all_attempts",10,100.819145965576,25.4838288213072,112.429910063744,110.818887889385,113.061360001564,46.8892903327942,115.67312169075
36,2,200,,0,"Uncertainty-Uncorrected","all_attempts",10,13.0196301937103,3.74066122715354,13.6390053033829,13.408271074295,14.0109276175499,6.24114632606506,17.5363662242889
36,2,200,,0,"Uncertainty-Uncorrected Total","all_attempts",10,113.838776159286,28.8576700409942,126.399484157562,124.955349385738,128.639104008675,53.8270914554596,130.688668489456
36,2,200,,0,"MetaVAR","successful",10,488.747027420998,284.598088881395,501.729523539543,304.280151486397,642.350968897343,35.4970231056213,933.905646800995
36,2,200,,0,"MetaVAR Total","successful",10,589.566173386574,295.55178487879,613.590268492699,404.415218293667,754.607278347015,151.170144796371,1046.69418001175
36,2,200,,0,"Mplus DSEM Alternative Priors","successful",10,2748.97443494797,577.687652666809,2992.8893122673,2959.37898260355,3010.26160889864,1269.96869683266,3072.17042303085
36,2,200,,0,"Mplus DSEM Default","successful",10,2902.2713685751,365.316591797441,3010.95139420033,2999.33842498064,3030.78621202707,1864.6398358345,3062.82969856262
36,2,200,,0,"Stage 1","successful",10,100.819145965576,25.4838288213072,112.429910063744,110.818887889385,113.061360001564,46.8892903327942,115.67312169075
36,2,200,,0,"Uncertainty-Uncorrected","successful",9,12.9679745568169,3.96378560080056,13.7362082004547,13.3828511238098,14.0850777626038,6.24114632606506,17.5363662242889
36,2,200,,0,"Uncertainty-Uncorrected Total","successful",9,112.503240029017,30.2786165754421,126.577010393143,124.654265403748,129.030029296875,53.8270914554596,130.688668489456
